name,ctype,csubtype,contract,address,all_categories
Cycle Network,AI,Abstraction Infrastructure,ZkEVM,0x647e77a1af7c87688b974f20db75ea36c28d033e,AI::Abstraction Infrastructure
Cycle Network,AI,Abstraction Infrastructure,ZkEVMBridge,0xad5ca27d8932114a9457d385fc0b88825c845960,AI::Abstraction Infrastructure
Symphony,AI,Agent Launchpad,CallbackAdapter,0x6e5e5f7adba00b2e3867dbf2e6e662eb98208f75,AI::Agent Launchpad;AI::Abstraction Infrastructure;AI::Infrastructure;DeFi::Intents;DeFi::Cross Chain;Infra::AA;Infra::Interoperability;Infra::Developer Tooling;CeFi::Institutional Trading
Symphony,AI,Agent Launchpad,Create2Deployer,0x0e2472e42ae6df7674c6c4c807cd45f6d47a2a1b,AI::Agent Launchpad;AI::Abstraction Infrastructure;AI::Infrastructure;DeFi::Intents;DeFi::Cross Chain;Infra::AA;Infra::Interoperability;Infra::Developer Tooling;CeFi::Institutional Trading
Symphony,AI,Agent Launchpad,Create3Deployer,0xc4a15e24d5aa36c63941b1992a28661bf215e968,AI::Agent Launchpad;AI::Abstraction Infrastructure;AI::Infrastructure;DeFi::Intents;DeFi::Cross Chain;Infra::AA;Infra::Interoperability;Infra::Developer Tooling;CeFi::Institutional Trading
Symphony,AI,Agent Launchpad,Factory,0xb64e8cd2633d4af5a41a8fdf5e8002fd2f072a83,AI::Agent Launchpad;AI::Abstraction Infrastructure;AI::Infrastructure;DeFi::Intents;DeFi::Cross Chain;Infra::AA;Infra::Interoperability;Infra::Developer Tooling;CeFi::Institutional Trading
Symphony,AI,Agent Launchpad,Paymaster,0xb1ba36f63569e48e054eb8bec0b9a1c13fe2ac8f,AI::Agent Launchpad;AI::Abstraction Infrastructure;AI::Infrastructure;DeFi::Intents;DeFi::Cross Chain;Infra::AA;Infra::Interoperability;Infra::Developer Tooling;CeFi::Institutional Trading
Symphony,AI,Agent Launchpad,Registry,0xe1a5d791f293ba2a32613939d7012b509883eb5e,AI::Agent Launchpad;AI::Abstraction Infrastructure;AI::Infrastructure;DeFi::Intents;DeFi::Cross Chain;Infra::AA;Infra::Interoperability;Infra::Developer Tooling;CeFi::Institutional Trading
Symphony,AI,Agent Launchpad,SolverPaymaster,0x24561a639089126addae7c63c66df668404f94fa,AI::Agent Launchpad;AI::Abstraction Infrastructure;AI::Infrastructure;DeFi::Intents;DeFi::Cross Chain;Infra::AA;Infra::Interoperability;Infra::Developer Tooling;CeFi::Institutional Trading
Symphony,AI,Agent Launchpad,SolverRouter,0x32aef4656e2cd5b41567225c2933ec72e956e5d0,AI::Agent Launchpad;AI::Abstraction Infrastructure;AI::Infrastructure;DeFi::Intents;DeFi::Cross Chain;Infra::AA;Infra::Interoperability;Infra::Developer Tooling;CeFi::Institutional Trading
Symphony,AI,Agent Launchpad,SymphonySmartAccount,0x527849787bb79cbede5ebed438e685c3b56abb98,AI::Agent Launchpad;AI::Abstraction Infrastructure;AI::Infrastructure;DeFi::Intents;DeFi::Cross Chain;Infra::AA;Infra::Interoperability;Infra::Developer Tooling;CeFi::Institutional Trading
Banza,AI,Consumer AI,DropsToken Implementation,0x11fbe9e637c4a3deca3453f2925aaaa18e16963e,AI::Consumer AI
Banza,AI,Consumer AI,DropsToken Proxy,0x68b571f834c9853d2a7e8e364d28db52de47d46d,AI::Consumer AI
KINETK,AI,Consumer AI,KinetkIPCertificate,0xd057b63f5e69cf1b929b356b579cba08d7688048,AI::Consumer AI;AI::Data;DeFi::RWA;Infra::Other
Kodeus,AI,Consumer AI,KodeusAgents,0x3d3c1db86989ed5196358ee03e2f1258ea183dcb,AI::Consumer AI
Kodeus,AI,Consumer AI,KodeusMetricsTrackerV6,0xa0371d51c086f846bd02c331dd31cc510645332e,AI::Consumer AI
Covenant,DeFi,CDP,Covenant,0x11a7ab0a9d7bd531dbcf0f0630bf7167f8f198f6,DeFi::CDP;DeFi::DEX;DeFi::Yield
Covenant,DeFi,CDP,CovenantCurator,0xab0f8ab1e67cc02a9d58fc27055292289b159094,DeFi::CDP;DeFi::DEX;DeFi::Yield
Covenant,DeFi,CDP,DataProvider,0x5c1fb9a1232e87702897424ec0852d30b713bfd8,DeFi::CDP;DeFi::DEX;DeFi::Yield
Covenant,DeFi,CDP,LatentSwapLEX - 50% targetLTV,0x6a5aa3df89ba1c1f8b471c72159458d61a9447c2,DeFi::CDP;DeFi::DEX;DeFi::Yield
Covenant,DeFi,CDP,LatentSwapLEX - 80% targetLTV,0x9a369df53ec62725c93f41b891e701bd88aff2c8,DeFi::CDP;DeFi::DEX;DeFi::Yield
Garden,DeFi,Cross Chain,htlc_native,0xe413743b51f3cc8b3ac24addf50d18fa138cb0bb,DeFi::Cross Chain
Garden,DeFi,Cross Chain,htlc_usdc,0x5fa58e4e89c85b8d678ade970bd6afd4311af17e,DeFi::Cross Chain
0x,DeFi,DEX,0xSettlerDeployer,0x00000000000004533fe15556b1e086bb1a72ceae,DeFi::DEX;DeFi::DEX Aggregator;DeFi::Launchpads;DeFi::Memecoin;DeFi::Stableswap;DeFi::Trading Interfaces;DeFi::Cross Chain
0x,DeFi,DEX,AllowanceHolder,0x0000000000001ff3684f28c67538d4d072c22734,DeFi::DEX;DeFi::DEX Aggregator;DeFi::Launchpads;DeFi::Memecoin;DeFi::Stableswap;DeFi::Trading Interfaces;DeFi::Cross Chain
0x,DeFi,DEX,MonadBridgeSettler,0xb40e9939bb598c38665a5c99c68020eeb8cf49fb,DeFi::DEX;DeFi::DEX Aggregator;DeFi::Launchpads;DeFi::Memecoin;DeFi::Stableswap;DeFi::Trading Interfaces;DeFi::Cross Chain
0x,DeFi,DEX,MonadSettler,0x478cf28fd1ba92a6afd04f44b05833f6df7f1486,DeFi::DEX;DeFi::DEX Aggregator;DeFi::Launchpads;DeFi::Memecoin;DeFi::Stableswap;DeFi::Trading Interfaces;DeFi::Cross Chain
0x,DeFi,DEX,MonadSettlerIntent,0xb2376d1183829f444e0ffe9ef1ffaf1b483b84f3,DeFi::DEX;DeFi::DEX Aggregator;DeFi::Launchpads;DeFi::Memecoin;DeFi::Stableswap;DeFi::Trading Interfaces;DeFi::Cross Chain
0x,DeFi,DEX,MonadSettlerMetaTxn,0xfb36b62145a4b272bc804e5e1b41ddbf4bff4cf4,DeFi::DEX;DeFi::DEX Aggregator;DeFi::Launchpads;DeFi::Memecoin;DeFi::Stableswap;DeFi::Trading Interfaces;DeFi::Cross Chain
Bean Exchange,DeFi,DEX,DLMM_Factory,0x8bb9727ca742c146563dccbafb9308a234e1d242,DeFi::DEX;DeFi::Perpetuals / Derivatives
Bean Exchange,DeFi,DEX,DLMM_Quoter,0xa398af902950081f2fbe3e16e5e474c2c72ae27a,DeFi::DEX;DeFi::Perpetuals / Derivatives
Bean Exchange,DeFi,DEX,DLMM_Router,0x721ac9e688e6b86f48b08db2ba2d4b7bbbd12665,DeFi::DEX;DeFi::Perpetuals / Derivatives
Clober,DeFi,DEX,BookManager,0x6657d192273731c3cac646cc82d5f28d0cbe8ccc,DeFi::DEX
Clober,DeFi,DEX,BookViewer,0xe424c211e2ed8a5b6d1c57fa493c41715568d238,DeFi::DEX
Clober,DeFi,DEX,Controller,0x19b68a2b909d96c05b623050c276fbd457de8e83,DeFi::DEX
Clober,DeFi,DEX,Router,0x7b58a24c5628881a141d630f101db433d419b372,DeFi::DEX
Curve Finance,DeFi,DEX,AddressProvider,0x4574921eb950d3fd5b01562162ec566cb8bc3648,DeFi::DEX;DeFi::Stableswap
Curve Finance,DeFi,DEX,ChildGaugeFactory,0x41d2c5128a7241ec1f7ce346b162c347c19548b7,DeFi::DEX;DeFi::Stableswap
Curve Finance,DeFi,DEX,DepositAndStake,0xb2be7692b07b640c9f2ee1187cee2faec741f872,DeFi::DEX;DeFi::Stableswap
Curve Finance,DeFi,DEX,FeeReceiver,0x193110ce1542d7371e1515bd6a2e470fdefc310d,DeFi::DEX;DeFi::Stableswap
Curve Finance,DeFi,DEX,GaugeImplementation,0xbb8a5e91295131ce07b6bfe301c49bcd925a2902,DeFi::DEX;DeFi::Stableswap
Curve Finance,DeFi,DEX,Meta-zap,0x2af43209b366a4491cce0a97c5a7b6059fd21295,DeFi::DEX;DeFi::Stableswap
Curve Finance,DeFi,DEX,MetaRegistry,0xe6da14500f0b5783e2325f9c5a7ee5d99da0fb42,DeFi::DEX;DeFi::Stableswap
Curve Finance,DeFi,DEX,RateProvider,0x129578f94c253b8bc903bf2b73d07bf2583cc11d,DeFi::DEX;DeFi::Stableswap
Curve Finance,DeFi,DEX,Router,0xff5cb29241f002ffed2eaa224e3e996d24a6e8d1,DeFi::DEX;DeFi::Stableswap
Curve Finance,DeFi,DEX,StableSwapFactory,0x8271e06e5887fe5ba05234f5315c19f3ec90e8ad,DeFi::DEX;DeFi::Stableswap
Curve Finance,DeFi,DEX,StableswapHandler,0x46feffb8ed015250cd48f9bf7f4a4584049ca4ae,DeFi::DEX;DeFi::Stableswap
Curve Finance,DeFi,DEX,StableswapMath,0xe460dec242bc0a1a364c250a9d2f731d8d923650,DeFi::DEX;DeFi::Stableswap
Curve Finance,DeFi,DEX,StableswapMeta-amm,0x845b942deef9bc20a39a8b34b23e8c33ac2921bf,DeFi::DEX;DeFi::Stableswap
Curve Finance,DeFi,DEX,StableswapPlain-amm,0xfc687efafed297b765edecf8179c32195597c2df,DeFi::DEX;DeFi::Stableswap
Curve Finance,DeFi,DEX,StableswapViews,0xc9459a955a885467f01ccc531c51dbcc957993c0,DeFi::DEX;DeFi::Stableswap
Curve Finance,DeFi,DEX,TricryptoAmm,0x286182220e734aac601282ba059de531d4beac1f,DeFi::DEX;DeFi::Stableswap
Curve Finance,DeFi,DEX,TricryptoFactory,0x6e28493348446503db04a49621d8e6c9a40015fb,DeFi::DEX;DeFi::Stableswap
Curve Finance,DeFi,DEX,TricryptoHandler,0xbbbe22dee69747e61f676cf50465b1bfba4a4dd6,DeFi::DEX;DeFi::Stableswap
Curve Finance,DeFi,DEX,TricryptoMath,0xa4a2e7e11cbe5213b316e801d2172ef10e566a96,DeFi::DEX;DeFi::Stableswap
Curve Finance,DeFi,DEX,TricryptoViews,0x2fe4a238f6a3bd7faa68e0b6951e3fafdb2876eb,DeFi::DEX;DeFi::Stableswap
Curve Finance,DeFi,DEX,TwocryptoAmm,0x5f870c2cf22ff829b5dc1da09856b79da6544f94,DeFi::DEX;DeFi::Stableswap
Curve Finance,DeFi,DEX,TwocryptoFactory,0xe7fbd704b938cb8fe26313c3464d4b7b7348c88c,DeFi::DEX;DeFi::Stableswap
Curve Finance,DeFi,DEX,TwocryptoHandler,0x7e595b3b77cc16680c30617b88e9b87f987ac934,DeFi::DEX;DeFi::Stableswap
Curve Finance,DeFi,DEX,TwocryptoMath,0x95249dd40dda3c0cbb4a7dd7d287e04aa68a3d4b,DeFi::DEX;DeFi::Stableswap
Curve Finance,DeFi,DEX,TwocryptoViews,0x17c67c3a38f68cbc4dec77fd7378978971b6c271,DeFi::DEX;DeFi::Stableswap
Dirol,DeFi,DEX,CoreAggregator,0x77e73c3fcd3fedba383025cde4a5b97733a34c2e,DeFi::DEX;DeFi::DEX Aggregator;DeFi::Launchpads;DeFi::Memecoin;DeFi::Stableswap;DeFi::Trading Interfaces
Dirol,DeFi,DEX,LimitOrderModule,0xa82098c33c75a4a1e20e06f352732910c75c690d,DeFi::DEX;DeFi::DEX Aggregator;DeFi::Launchpads;DeFi::Memecoin;DeFi::Stableswap;DeFi::Trading Interfaces
Kuru,DeFi,DEX,KuruFlowEntryPoint,0xb3e6778480b2e488385e8205ea05e20060b813cb,DeFi::DEX;DeFi::DEX Aggregator;DeFi::Launchpads;DeFi::Memecoin;DeFi::Stableswap;DeFi::Trading Interfaces
Kuru,DeFi,DEX,KuruFlowRouter,0x465d06d4521ae9ce724e0c182daad5d8a2ff7040,DeFi::DEX;DeFi::DEX Aggregator;DeFi::Launchpads;DeFi::Memecoin;DeFi::Stableswap;DeFi::Trading Interfaces
Kuru,DeFi,DEX,KuruForwarder,0x974e61bba9c4704e8bcc1923fdc3527b41323faa,DeFi::DEX;DeFi::DEX Aggregator;DeFi::Launchpads;DeFi::Memecoin;DeFi::Stableswap;DeFi::Trading Interfaces
Kuru,DeFi,DEX,MarginAccount,0x2a68ba1833cdf93fa9da1eebd7f46242ad8e90c5,DeFi::DEX;DeFi::DEX Aggregator;DeFi::Launchpads;DeFi::Memecoin;DeFi::Stableswap;DeFi::Trading Interfaces
Kuru,DeFi,DEX,MonadDeployer,0xe29309e308af3ee3b1a414e97c37a58509f27d1e,DeFi::DEX;DeFi::DEX Aggregator;DeFi::Launchpads;DeFi::Memecoin;DeFi::Stableswap;DeFi::Trading Interfaces
Kuru,DeFi,DEX,Router,0xd651346d7c789536ebf06dc72ae3c8502cd695cc,DeFi::DEX;DeFi::DEX Aggregator;DeFi::Launchpads;DeFi::Memecoin;DeFi::Stableswap;DeFi::Trading Interfaces
LFJ,DeFi,DEX,DexLens,0x7ac3dd4b5a3f7013116d8a28f0579a678282ea5c,DeFi::DEX;DeFi::Memecoin
LFJ,DeFi,DEX,Joe,0x371c7ec6d8039ff7933a2aa28eb827ffe1f52f07,DeFi::DEX;DeFi::Memecoin
LFJ,DeFi,DEX,JoeAggregatorRouter,0x45a62b090df48243f12a21897e7ed91863e2c86b,DeFi::DEX;DeFi::Memecoin
LFJ,DeFi,DEX,JoeRouterForwarderLogic,0xf780668669c193b5d2cf22b8420473fa1e3ee3d1,DeFi::DEX;DeFi::Memecoin
LFJ,DeFi,DEX,JoeRouterLogic,0xf8155bca49576b54018311c6129bda088605b88b,DeFi::DEX;DeFi::Memecoin
LFJ,DeFi,DEX,JoeV1Factory,0xe32d45c2b1c17a0fe0de76f1ebfa7c44b7810034,DeFi::DEX;DeFi::Memecoin
LFJ,DeFi,DEX,JoeV1Quoter,0xf57b8a91f775b01d53450d7cb4d2a99ba989fd19,DeFi::DEX;DeFi::Memecoin
LFJ,DeFi,DEX,JoeV1Router,0x4face5b0ef2757ceb9151d14c036a1135931c70e,DeFi::DEX;DeFi::Memecoin
LFJ,DeFi,DEX,LBFactory,0xb43120c4745967fa9b93e79c149e66b0f2d6fe0c,DeFi::DEX;DeFi::Memecoin
LFJ,DeFi,DEX,LBHooksLens,0x6124086b90ab910038e607aa1bdd67b284c31c98,DeFi::DEX;DeFi::Memecoin
LFJ,DeFi,DEX,LBHooksManager,0x3a8e1be95467690f7c592b596e42d11b3710c633,DeFi::DEX;DeFi::Memecoin
LFJ,DeFi,DEX,LBQuoter,0x9a550a522bbadfb69019b0432800ed17855a51c3,DeFi::DEX;DeFi::Memecoin
LFJ,DeFi,DEX,LBRouter,0x18556da13313f3532c54711497a8fedac273220e,DeFi::DEX;DeFi::Memecoin
LFJ,DeFi,DEX,LimitOrderV2,0xdbeeb3fb3e864e490e71b1d5c86c3de683ca4626,DeFi::DEX;DeFi::Memecoin
LFJ,DeFi,DEX,LiquidityHelperContract,0xa5c68c9e55dde3505e60c4b5eae411e2977dfb35,DeFi::DEX;DeFi::Memecoin
LFJ,DeFi,DEX,TMFactory,0xe70d21ad211db6dcd3f54b9804a1b64bb21b17b1,DeFi::DEX;DeFi::Memecoin
Matcha,DeFi,DEX,0xSettlerDeployer,0x00000000000004533fe15556b1e086bb1a72ceae,DeFi::DEX;DeFi::DEX Aggregator;DeFi::Stableswap;DeFi::Trading Interfaces;DeFi::Cross Chain
Matcha,DeFi,DEX,AllowanceHolder,0x0000000000001ff3684f28c67538d4d072c22734,DeFi::DEX;DeFi::DEX Aggregator;DeFi::Stableswap;DeFi::Trading Interfaces;DeFi::Cross Chain
Matcha,DeFi,DEX,MonadBridgeSettler,0xb40e9939bb598c38665a5c99c68020eeb8cf49fb,DeFi::DEX;DeFi::DEX Aggregator;DeFi::Stableswap;DeFi::Trading Interfaces;DeFi::Cross Chain
Matcha,DeFi,DEX,MonadSettler,0x478cf28fd1ba92a6afd04f44b05833f6df7f1486,DeFi::DEX;DeFi::DEX Aggregator;DeFi::Stableswap;DeFi::Trading Interfaces;DeFi::Cross Chain
Matcha,DeFi,DEX,MonadSettlerIntent,0xb2376d1183829f444e0ffe9ef1ffaf1b483b84f3,DeFi::DEX;DeFi::DEX Aggregator;DeFi::Stableswap;DeFi::Trading Interfaces;DeFi::Cross Chain
Matcha,DeFi,DEX,MonadSettlerMetaTxn,0xfb36b62145a4b272bc804e5e1b41ddbf4bff4cf4,DeFi::DEX;DeFi::DEX Aggregator;DeFi::Stableswap;DeFi::Trading Interfaces;DeFi::Cross Chain
Matcha Meta,DeFi,DEX,0x Settler Deployer,0x00000000000004533fe15556b1e086bb1a72ceae,DeFi::DEX;DeFi::DEX Aggregator;DeFi::Stableswap;DeFi::Trading Interfaces;DeFi::Cross Chain
Matcha Meta,DeFi,DEX,AllowanceHolder,0x0000000000001ff3684f28c67538d4d072c22734,DeFi::DEX;DeFi::DEX Aggregator;DeFi::Stableswap;DeFi::Trading Interfaces;DeFi::Cross Chain
Matcha Meta,DeFi,DEX,Cross-chain Settlement Contract,0xb40e9939bb598c38665a5c99c68020eeb8cf49fb,DeFi::DEX;DeFi::DEX Aggregator;DeFi::Stableswap;DeFi::Trading Interfaces;DeFi::Cross Chain
Matcha Meta,DeFi,DEX,Taker Submitted Settlement Contract,0x478cf28fd1ba92a6afd04f44b05833f6df7f1486,DeFi::DEX;DeFi::DEX Aggregator;DeFi::Stableswap;DeFi::Trading Interfaces;DeFi::Cross Chain
Monday Trade,DeFi,DEX,Aggregator,0xad8974d98f7fc386e396ffe826b886cf20afe232,DeFi::DEX;DeFi::Perpetuals / Derivatives
Monday Trade,DeFi,DEX,MondayFactory,0xc1e98d0a2a58fb8abd10ccc30a58efff4080aa21,DeFi::DEX;DeFi::Perpetuals / Derivatives
Monday Trade,DeFi,DEX,NFTPositionManager,0x68b507bf58ed32173f41ff20aa2494a569daec44,DeFi::DEX;DeFi::Perpetuals / Derivatives
Monday Trade,DeFi,DEX,QuoterV2,0xb97ecd41aef0f842e773c8f9905919cde49880c9,DeFi::DEX;DeFi::Perpetuals / Derivatives
Monday Trade,DeFi,DEX,SwapRouter,0xfe951b693a2fe54be5148614b109e316b567632f,DeFi::DEX;DeFi::Perpetuals / Derivatives
OctoSwap,DeFi,DEX,NonfungiblePositionManager,0x16eb676bbbe51eb6e4e9ddf57bfbee0537aa4d7b,DeFi::DEX
OctoSwap,DeFi,DEX,NonfungibleTokenPositionDescriptor,0x2ff18d8ca8447db19392aa3e27dcb640cee83882,DeFi::DEX
OctoSwap,DeFi,DEX,OctoSwapV2Factory,0x30db57a29acf3641dfc3885af2e5f1f5a408d9cb,DeFi::DEX
OctoSwap,DeFi,DEX,OctoswapV1Factory,0xce104732685b9d7b2f07a09d828f6b19786cda32,DeFi::DEX
OctoSwap,DeFi,DEX,OctoswapV1Router,0x60fd5aa15debd5ffdefb5129fd9fd8a34d80d608,DeFi::DEX
OctoSwap,DeFi,DEX,OctoswapV2Router,0xbfd2cf709a17c4eee8daaf3b96e134408881259e,DeFi::DEX
OctoSwap,DeFi,DEX,QuoterV2,0xf27ba2b4ee5580cb2a14fdf98cb981ff0ae149f4,DeFi::DEX
OctoSwap,DeFi,DEX,UniversalRouter,0x241bf19641839b249e8174bd22facd3d3ac0642a,DeFi::DEX
OrbiterFinance,DeFi,DEX,AggregatorRouter,0x70f6060fc8b01b56869feba8361df468f98c2900,DeFi::DEX;Infra::Interoperability
PancakeSwap,DeFi,DEX,MixedRouteQuoterV1,0x678aa4bf4e210cf2166753e054d5b7c31cc7fa86,DeFi::DEX
PancakeSwap,DeFi,DEX,NfpTokenDescriptor,0xb099b459887bc759dbf0293e12d3dfcd0c456cff,DeFi::DEX
PancakeSwap,DeFi,DEX,NonfungiblePositionManager,0x46a15b0b27311cedf172ab29e4f4766fbe7f4364,DeFi::DEX
PancakeSwap,DeFi,DEX,PancakeInterfaceMulticall,0xac1ce734566f390a94b00eb9bf561c2625bf44ea,DeFi::DEX
PancakeSwap,DeFi,DEX,PancakeInterfaceMulticallV2,0x3095ec7d29b588283bab3184fae4decd54d5d811,DeFi::DEX
PancakeSwap,DeFi,DEX,PancakeV2Factory,0x02a84c1b3bbd7401a5f7fa98a384ebc70bb5749e,DeFi::DEX
PancakeSwap,DeFi,DEX,PancakeV2Router,0x8cfe327cec66d1c090dd72bd0ff11d690c33a2eb,DeFi::DEX
PancakeSwap,DeFi,DEX,PancakeV3Factory,0x0bfbcf9fa4f9c56b0f40a671ad40e0805a091865,DeFi::DEX
PancakeSwap,DeFi,DEX,PancakeV3PoolDeployer,0x41ff9aa7e16b8b1a8a8dc4f0efacd93d02d071c9,DeFi::DEX
PancakeSwap,DeFi,DEX,QuoterV2_periphery,0xb048bbc1ee6b733fffcfb9e9cef7375518e25997,DeFi::DEX
PancakeSwap,DeFi,DEX,QuoterV2_smartRouter,0x4c650fb471fe4e0f476fd3437c3411b1122c4e3b,DeFi::DEX
PancakeSwap,DeFi,DEX,SmartRouter,0x13f4ea83d0bd40e75c8222255bc855a974568dd4,DeFi::DEX
PancakeSwap,DeFi,DEX,SwapRouter,0x1b81d678ffb9c0263b24a97847620c99d213eb14,DeFi::DEX
PancakeSwap,DeFi,DEX,TickLens,0x9a489505a00ce272eaa5e07dba6491314cae3796,DeFi::DEX
PancakeSwap,DeFi,DEX,TokenValidator,0x864ed564875bddd6f421e226494a0e7c071c06f8,DeFi::DEX
PancakeSwap,DeFi,DEX,V3Migrator,0xbc203d7f83677c7ed3f7acec959963e7f4ecc5c2,DeFi::DEX
PancakeSwap,DeFi,DEX,Wmon,0x3bd359c1119da7da1d913d1c4d2b7c461115433a,DeFi::DEX
PinotFinance,DeFi,DEX,AssetHelper,0xe0c6bb0e88fdb069ae3a712bbf1dc07759d576bf,DeFi::DEX
PinotFinance,DeFi,DEX,Ballot,0x7ebd75a81c66552103ef6db3f1e62fb5ef341290,DeFi::DEX
PinotFinance,DeFi,DEX,Emission,0x83200b60b8e37df8945f1ae33c54b357c9b82a2f,DeFi::DEX
PinotFinance,DeFi,DEX,GovernanceToken,0x76e82126a82eceea8ca510ca4942a3b1a9023147,DeFi::DEX
PinotFinance,DeFi,DEX,NonfungiblePositionManager,0xedfa5ecfd924a523d114873c38fe5187759754a6,DeFi::DEX
PinotFinance,DeFi,DEX,PersonalAssetManagerFactory,0xc8348a19b7507b05858b50afc25eb20d1da9a065,DeFi::DEX
PinotFinance,DeFi,DEX,Quoter,0xbfde050470c8f92bd046afbfc8ad6454f87099a7,DeFi::DEX
PinotFinance,DeFi,DEX,QuoterV2,0x74e6165544851e2c1235a9f45f59b8291048f2f3,DeFi::DEX
PinotFinance,DeFi,DEX,SegmentedElectorFactory(V3),0x1be678804ca2158ebd72a57c2dfef45b27e7fa77,DeFi::DEX
PinotFinance,DeFi,DEX,SegmentedElectorFactory(v2),0x7e4d672436ba64299bbad971f2752897bbfb4103,DeFi::DEX
PinotFinance,DeFi,DEX,SwapRouter,0xfd3f832a97444795978334c380f01abc546630fc,DeFi::DEX
PinotFinance,DeFi,DEX,TickLens,0xde29c0aa8c86b78e0bcda01402e79a6ce56439ea,DeFi::DEX
PinotFinance,DeFi,DEX,UniswapInterfaceMulticall,0xfb23eed4b15567dbed0b7da7934504ee7ea2a427,DeFi::DEX
PinotFinance,DeFi,DEX,UniswapV2Factory,0x6b7dd9d985bb9cc42d01e6d9d1e6ea3c082e61c4,DeFi::DEX
PinotFinance,DeFi,DEX,UniswapV2GaugeFactory,0x769b660da133f9fbc0fefb829daabc8314abed17,DeFi::DEX
PinotFinance,DeFi,DEX,UniswapV2Router,0x276e41572bb7a063ec728d659467d42bc91f9f6c,DeFi::DEX
PinotFinance,DeFi,DEX,UniswapV3Factory,0xfd9c7369347e3b0a80e65223384831b2926ff4d0,DeFi::DEX
PinotFinance,DeFi,DEX,UniversalRouter,0x8968a4f1fe7094834afd4156f716da1e342648a5,DeFi::DEX
PinotFinance,DeFi,DEX,WETH,0x3bd359c1119da7da1d913d1c4d2b7c461115433a,DeFi::DEX
Skate AMM,DeFi,DEX,ActionBox,0x430b6e7f7d43d70786267af7a5b2c1831372ca24,DeFi::DEX;Infra::Interoperability
Skate AMM,DeFi,DEX,EventEmitter,0xfbd495862410c549f200ce224ad3d02a0bae260d,DeFi::DEX;Infra::Interoperability
Skate AMM,DeFi,DEX,ExecutorRegistry,0x0ca6db88ad5eec56ca982fb96a24ad2172b4a0ef,DeFi::DEX;Infra::Interoperability
Skate AMM,DeFi,DEX,PeripheryManager,0xa5646a57eb83ad2636c08b592d7714d860be9fa8,DeFi::DEX;Infra::Interoperability
Skate AMM,DeFi,DEX,PeripheryPoolImplementation,0x4b13d62a8209b3b25edca3046dcb83167f9fea94,DeFi::DEX;Infra::Interoperability
Skate AMM,DeFi,DEX,Pool_USDC_AUSD_1bps,0x0b6414df25eb6d23b7089055885c3d9058b33dee,DeFi::DEX;Infra::Interoperability
Skate AMM,DeFi,DEX,Pool_WMON_USDC_5bps,0xc2be4b8852e37ecf979b3e2b5d58162719303804,DeFi::DEX;Infra::Interoperability
Skate AMM,DeFi,DEX,SkateGateway,0x79e31a114e6d2f16e1e2a3ec47c82fac520881a4,DeFi::DEX;Infra::Interoperability
Swaap,DeFi,DEX,SafeguardFactory,0xcc74bd5d8d2d333d14475e022325555eba3369b8,DeFi::DEX
Swaap,DeFi,DEX,Vault,0xd315a9c38ec871068fec378e4ce78af528c76293,DeFi::DEX
Swyrl,DeFi,DEX,MixedRouteQuoterV1,0xe6c40d7cdc1f1622ddf2af41ae8c4230a587d133,DeFi::DEX
Swyrl,DeFi,DEX,NonfungiblePositionManager,0xa6931259b8921f2ed1e7b6c2e657e82873c195ed,DeFi::DEX
Swyrl,DeFi,DEX,NonfungibleTokenPositionDescriptor,0x10974f1aee2983b052cd0ef2321fa7d3edf2b426,DeFi::DEX
Swyrl,DeFi,DEX,Quoter,0xfdd71e68fe7c3565c5feae6bf3057f9841fe1f8d,DeFi::DEX
Swyrl,DeFi,DEX,QuoterV2,0x65552047e14028b6c20eb58f305f7663d87013a1,DeFi::DEX
Swyrl,DeFi,DEX,SwapRouter,0xa1164853b6ad6efc8b28deca0ae5ccbf5ce88328,DeFi::DEX
Swyrl,DeFi,DEX,SwapRouter02,0xd8de315ee724cefd5a4f215dae3d6729e5150a90,DeFi::DEX
Swyrl,DeFi,DEX,Swyrl,0x32d14d57c60a4a213eb4cf76cb805776d869bffb,DeFi::DEX
Swyrl,DeFi,DEX,SwyrlV2Factory,0xd158cdfec90e9429a290c3144afeb72e8c23603a,DeFi::DEX
Swyrl,DeFi,DEX,SwyrlV2Router,0x020e762d529628add359a9f4d2f63a3bcfe373bd,DeFi::DEX
Swyrl,DeFi,DEX,SwyrlV3Factory,0x02a898f85a6984213ac6d2577ff3406394172abf,DeFi::DEX
Swyrl,DeFi,DEX,SwyrlV3PoolDeployer,0x66ae3f94eb3ab532cc4f8fc8700f6d7488e40a4f,DeFi::DEX
Swyrl,DeFi,DEX,TickLens,0x95d4063ad9ceda0d83428986d23baa9ed5163f58,DeFi::DEX
Swyrl,DeFi,DEX,UniswapInterfaceMulticall,0xb79ba9375fc66c4ddf236bed3d53ef6213aac7b6,DeFi::DEX
Swyrl,DeFi,DEX,UniversalRouter,0x6b096391742baaed539ad25f44dc775065f73322,DeFi::DEX
Uniswap,DeFi,DEX,FeeOnTransferDetector,0x5c834b6cac4173bfe288c5722a38e04b9e366e30,DeFi::DEX
Uniswap,DeFi,DEX,NFTDescriptor,0x2e9d45bb7b30549f5216813ada9a6b7982c5b3ed,DeFi::DEX
Uniswap,DeFi,DEX,NonfungiblePositionManager,0x7197e214c0b767cfb76fb734ab638e2c192f4e53,DeFi::DEX
Uniswap,DeFi,DEX,NonfungibleTokenPositionDescriptor,0x315e413a11ab0df498ef83873012430ca36638ae,DeFi::DEX
Uniswap,DeFi,DEX,PoolManager,0x188d586ddcf52439676ca21a244753fa19f9ea8e,DeFi::DEX
Uniswap,DeFi,DEX,PositionDescriptor,0x5770d2914355a6d0a39a70aeea9bcce55df4201b,DeFi::DEX
Uniswap,DeFi,DEX,PositionManager,0x5b7ec4a94ff9bedb700fb82ab09d5846972f4016,DeFi::DEX
Uniswap,DeFi,DEX,Quoter,0x2d01411773c8c24805306e89a41f7855c3c4fe65,DeFi::DEX
Uniswap,DeFi,DEX,QuoterV2,0x661e93cca42afacb172121ef892830ca3b70f08d,DeFi::DEX
Uniswap,DeFi,DEX,StateView,0x77395f3b2e73ae90843717371294fa97cc419d64,DeFi::DEX
Uniswap,DeFi,DEX,SwapRouter,0xd6145b2d3f379919e8cdeda7b97e37c4b2ca9c40,DeFi::DEX
Uniswap,DeFi,DEX,TickLens,0xf025e0fe9e331a0ef05c2ad3c4e9c64b625cda6f,DeFi::DEX
Uniswap,DeFi,DEX,UniswapInterfaceMulticall,0xd1b797d92d87b688193a2b976efc8d577d204343,DeFi::DEX
Uniswap,DeFi,DEX,UniswapV2Factory,0x182a927119d56008d921126764bf884221b10f59,DeFi::DEX
Uniswap,DeFi,DEX,UniswapV2Router02,0x4b2ab38dbf28d31d467aa8993f6c2585981d6804,DeFi::DEX
Uniswap,DeFi,DEX,UniswapV3Factory,0x204faca1764b154221e35c0d20abb3c525710498,DeFi::DEX
Uniswap,DeFi,DEX,UniversalRouter,0x0d97dc33264bfc1c226207428a79b26757fb9dc3,DeFi::DEX
Uniswap,DeFi,DEX,V3Migrator,0x7078c4537c04c2b2e52ddba06074dbdacf23ca15,DeFi::DEX
Uniswap,DeFi,DEX,V4Quoter,0xa222dd357a9076d1091ed6aa2e16c9742dd26891,DeFi::DEX
Eisen,DeFi,DEX Aggregator,EisenDiamond,0x787c474b8a86354d0f5f19fb599a5fc7662a265f,DeFi::DEX Aggregator
Eisen,DeFi,DEX Aggregator,Forwarder,0xece5e77f9a9846c4d69555eb44e0cff8b5f03f1e,DeFi::DEX Aggregator
Madhouse,DeFi,DEX Aggregator,Aggregator,0x6017684bea9cb6e9874fc6dba4438271ebf9f5da,DeFi::DEX Aggregator
Monorail,DeFi,DEX Aggregator,AggregationRouter,0xa68a7f0601effdc65c64d9c47ca1b18d96b4352c,DeFi::DEX Aggregator;DeFi::Trading Interfaces
Flap,DeFi,Launchpads,Portal,0x30e8ee7b5881bf2e158a0514f2150aabe2c68b23,DeFi::Launchpads
Flap,DeFi,Launchpads,TaxTokenImplementation,0x8e6512ba94c723d8f140b0fd9dbb498854b7a1f4,DeFi::Launchpads
Flap,DeFi,Launchpads,TaxTokenSplitterImplementation,0x57fed6832f12150a77d5952b49190d9447acb5ee,DeFi::Launchpads
Flap,DeFi,Launchpads,TokenV2Implementation,0xb88189aa1162850d75a1c1e16f837b7979994184,DeFi::Launchpads
Nad.fun,DeFi,Launchpads,BONDING_CURVE,0x7193e46d4a812c8990f96a6e9c1f1ed338b2a6b7,DeFi::Launchpads
Nad.fun,DeFi,Launchpads,BONDING_CURVE_ROUTER,0x84202fd46851b4a9da9ab3100dd459bf1f0a3dc0,DeFi::Launchpads
Nad.fun,DeFi,Launchpads,COMMUNITY_TREASURY,0x6abcb85307c59fb6813f2e3f97509bc1d1ec87f8,DeFi::Launchpads
Nad.fun,DeFi,Launchpads,CREATOR_MANAGER,0xde2e1c7ffde10281ec3e515f12868ea7bcb1bf56,DeFi::Launchpads
Nad.fun,DeFi,Launchpads,CREATOR_TREASURY,0x432ccb0c0fcbfeddd392d95aa64ebe5d78be606e,DeFi::Launchpads
Nad.fun,DeFi,Launchpads,DEX_DEPLOYER,0x19ec7e26a4d3106dde05ddb3690220881940d68d,DeFi::Launchpads
Nad.fun,DeFi,Launchpads,DEX_ROUTER,0x2b1d8bb0ded32dd1c4d4b04b4b3829dda9aecc65,DeFi::Launchpads
Nad.fun,DeFi,Launchpads,FOUNDATION_TREASURY,0xb200d8c25e37695da63e6ae4bfe29ea5cc0ef340,DeFi::Launchpads
Nad.fun,DeFi,Launchpads,LENS,0x5c34ed2a9675dc4c77378175870a6822cb925a8b,DeFi::Launchpads
Nad.fun,DeFi,Launchpads,LP_MANAGER,0xb555cf21cd738b2282b13c8ec9ff9b25bccdffeb,DeFi::Launchpads
Nad.fun,DeFi,Launchpads,QUOTER_V3,0x2e06b20ee1f785bce6862971fdd58f7ba878da9c,DeFi::Launchpads
Nad.fun,DeFi,Launchpads,REWARD_POOL,0xe26ef0fa5939439706199da23d3f7de42087f735,DeFi::Launchpads
Nad.fun,DeFi,Launchpads,TOKEN_IMPLEMENT,0xaf84c7e1737540e6e30731d2e547a006f40b0c1c,DeFi::Launchpads
Nad.fun,DeFi,Launchpads,TOKEN_REGISTRY,0x54467b6300474cf485829ea5151848aeb20d6138,DeFi::Launchpads
Nad.fun,DeFi,Launchpads,TOKEN_TREASURY,0x98f74cd9cdeddd58e6460e8f6b89fcf8b102f8d7,DeFi::Launchpads
Nad.fun,DeFi,Launchpads,UNISWAP_ACTOR,0x39314025e1f0e2d430b65fb7d2a4a2d4fd740576,DeFi::Launchpads
Gearbox,DeFi,Lending,Account_Compressor,0x4115708fc8fe6bb392de2e0c21c2c81da2222394,DeFi::Lending;DeFi::Leveraged Farming
Gearbox,DeFi,Lending,Address_Provider,0xf7f0a609bfab9a0a98786951ef10e5fe26cc1e38,DeFi::Lending;DeFi::Leveraged Farming
Gearbox,DeFi,Lending,Batches_Chain,0x59b2fd348e4ade84ffefdaf5fcdda7276c8c5041,DeFi::Lending;DeFi::Leveraged Farming
Gearbox,DeFi,Lending,Bot_List,0x0bc03983da93021a374c964a22b73865220ce962,DeFi::Lending;DeFi::Leveraged Farming
Gearbox,DeFi,Lending,Bytecode_Repository,0x1ce2b1be96a082b1b1539f80d5d8f82ec06a0f9a,DeFi::Lending;DeFi::Leveraged Farming
Gearbox,DeFi,Lending,Credit_Factory,0x81cda0ab38d8bd0732123eb0e36c0c566d35dadd,DeFi::Lending;DeFi::Leveraged Farming
Gearbox,DeFi,Lending,Credit_Suite_Compressor,0x93cba8445b13a05287bff90d882cbcb514d617b7,DeFi::Lending;DeFi::Leveraged Farming
Gearbox,DeFi,Lending,Cross_Chain_Multisig,0xcccccccc42b7da9fdec1761698fb55fdd41cdf55,DeFi::Lending;DeFi::Leveraged Farming
Gearbox,DeFi,Lending,DefiLlama_Compressor,0x81cb9ea2d59414ab13ec0567efb09767ddbe897a,DeFi::Lending;DeFi::Leveraged Farming
Gearbox,DeFi,Lending,GEAR_Staking,0x2fcbd02d5b1d52fc78d4c02890d7f4f47a459c33,DeFi::Lending;DeFi::Leveraged Farming
Gearbox,DeFi,Lending,Gauge_Compressor,0x12c8faedd62cf0c5d4d742e57b98737a9a3f5e0f,DeFi::Lending;DeFi::Leveraged Farming
Gearbox,DeFi,Lending,IRM_Factory,0xa7de2e941c8818e51d1fd84111d8f71dcafa6c3b,DeFi::Lending;DeFi::Leveraged Farming
Gearbox,DeFi,Lending,Instance_Manager,0xbcd875f0d62b9aa22481c81975f9ae1753fc559a,DeFi::Lending;DeFi::Leveraged Farming
Gearbox,DeFi,Lending,Loss_Policy_Factory,0x0e535b7d073a93646512cea18fa7e650cc2b17c4,DeFi::Lending;DeFi::Leveraged Farming
Gearbox,DeFi,Lending,Market_Compressor,0x70f1753a765c4df582ffa3b8d96ab492714e8992,DeFi::Lending;DeFi::Leveraged Farming
Gearbox,DeFi,Lending,Market_Configurator_Factory,0x7d60cfaf7c2cec210638a5e46e4000894830c034,DeFi::Lending;DeFi::Leveraged Farming
Gearbox,DeFi,Lending,Periphery_Compressor,0xa7ed6db5761613cae7cacfaae9dca07a77809f9d,DeFi::Lending;DeFi::Leveraged Farming
Gearbox,DeFi,Lending,Pool_Factory,0x2238edf33a72860cdbaec5f83ec246df9e85c8e2,DeFi::Lending;DeFi::Leveraged Farming
Gearbox,DeFi,Lending,Price_Feed_Store,0x74a868ac479ee145029bb80827bb77f7b7c441cb,DeFi::Lending;DeFi::Leveraged Farming
Gearbox,DeFi,Lending,Price_Feeds_Compressor,0x847a05c22c7508c674342a95356adf9b3a0e0d57,DeFi::Lending;DeFi::Leveraged Farming
Gearbox,DeFi,Lending,Price_Oracle_Factory,0xf7533cdce5a2f7bf78b6fbf4b05f04f45d10140b,DeFi::Lending;DeFi::Leveraged Farming
Gearbox,DeFi,Lending,Rate_Keeper_Factory,0xbede127c14407b9c345f5d7fae5782ab8eaa33f3,DeFi::Lending;DeFi::Leveraged Farming
Gearbox,DeFi,Lending,Rewards_Compressor,0x19ca61e672d1c6105f609418bfdc784f92f4ecf0,DeFi::Lending;DeFi::Leveraged Farming
Gearbox,DeFi,Lending,Router,0x00ade38841ab8c6e236e232041e43b41d74b8b45,DeFi::Lending;DeFi::Leveraged Farming
Gearbox,DeFi,Lending,Token_Compressor,0xae3dd11e5a7f99ed4cba2768d4095a55fbf7841b,DeFi::Lending;DeFi::Leveraged Farming
Gearbox,DeFi,Lending,Withdrawal_Compressor,0xfb79b6713fe214b8748ed7b0db1f93e4f1ac9d29,DeFi::Lending;DeFi::Leveraged Farming
Neverland,DeFi,Lending,ACLManager,0x73a78afa04b629e22db3bec357bfc4a8b4f149df,DeFi::Lending;NFT::Other;Governance::Other
Neverland,DeFi,Lending,AToken,0x395118096f0ef19d7958ad8538ecee9685b94eb2,DeFi::Lending;NFT::Other;Governance::Other
Neverland,DeFi,Lending,AaveOracle,0x94bba11004b9877d13bb5e1ae29319b6f7bdedd4,DeFi::Lending;NFT::Other;Governance::Other
Neverland,DeFi,Lending,BorrowLogic,0xe0b05346fa8f57c2c634ee1d53ace20806858c01,DeFi::Lending;NFT::Other;Governance::Other
Neverland,DeFi,Lending,BridgeLogic,0xc8a6a884b47ca0699a9dd76d5b8d1d3d21a8d94b,DeFi::Lending;NFT::Other;Governance::Other
Neverland,DeFi,Lending,ConfiguratorLogic,0x4de9db60667eb48a1bf5c556bba79058c44e34c2,DeFi::Lending;NFT::Other;Governance::Other
Neverland,DeFi,Lending,DelegationAwareAToken,0xbea2124ae6d8225c491a85db16c419dcdc62159d,DeFi::Lending;NFT::Other;Governance::Other
Neverland,DeFi,Lending,Dust (Impl.),0x4522144959afee1cae8aa553b6a5cb81e111a4da,DeFi::Lending;NFT::Other;Governance::Other
Neverland,DeFi,Lending,Dust (Proxy),0xad96c3dffcd6374294e2573a7fbba96097cc8d7c,DeFi::Lending;NFT::Other;Governance::Other
Neverland,DeFi,Lending,DustLock (Impl.),0x3875cdf0d2b4445b763b7fcac5d28db2ad6d30e7,DeFi::Lending;NFT::Other;Governance::Other
Neverland,DeFi,Lending,DustLock (Proxy),0xbb4738d05ad1b3da57a4881bae62ce9bb1eeed6c,DeFi::Lending;NFT::Other;Governance::Other
Neverland,DeFi,Lending,DustLockTransferStrategy,0x394060ee4cf4781f5ff6bcf471426d97a11977fa,DeFi::Lending;NFT::Other;Governance::Other
Neverland,DeFi,Lending,DustRewardsController (Impl.),0x6ad1ecda817ecb7696d21f6e600c7ec44acfb1e6,DeFi::Lending;NFT::Other;Governance::Other
Neverland,DeFi,Lending,DustRewardsController (Proxy),0x57ea245ccbfab074babb9d01d1f0c60525e52cec,DeFi::Lending;NFT::Other;Governance::Other
Neverland,DeFi,Lending,EModeLogic,0x44d2575191306da86c488bf86872ca6d35489e4a,DeFi::Lending;NFT::Other;Governance::Other
Neverland,DeFi,Lending,FlashLoanLogic,0x427b9008a254799aa3ac1d5cc1dc2920da3ad3cf,DeFi::Lending;NFT::Other;Governance::Other
Neverland,DeFi,Lending,LiquidationLogic,0x4ad738afac73f32f1e5f1898bca150d4a52c88db,DeFi::Lending;NFT::Other;Governance::Other
Neverland,DeFi,Lending,NeverlandDustHelper,0xc91ba13910b358e0de6510d4e2f3afdaf6395538,DeFi::Lending;NFT::Other;Governance::Other
Neverland,DeFi,Lending,NeverlandUiProvider,0xc8b7b87eb4a4b404a421bd3a1491a689a0be8611,DeFi::Lending;NFT::Other;Governance::Other
Neverland,DeFi,Lending,Pool (Impl.),0xe3b56aad3c21531055f39e73a51e8ff29daad049,DeFi::Lending;NFT::Other;Governance::Other
Neverland,DeFi,Lending,Pool (Proxy),0x80f00661b13cc5f6ccd3885be7b4c9c67545d585,DeFi::Lending;NFT::Other;Governance::Other
Neverland,DeFi,Lending,PoolAddressesProvider,0x49d75170f55c964dfdd6726c74fdedee75553a0f,DeFi::Lending;NFT::Other;Governance::Other
Neverland,DeFi,Lending,PoolAddressesProviderRegistry,0xd0ccde10cacd12f1c839db6400b82a82ab90fa9b,DeFi::Lending;NFT::Other;Governance::Other
Neverland,DeFi,Lending,PoolConfigurator (Impl.),0x67b7178105d3715214e1f187c20cdd20b708f443,DeFi::Lending;NFT::Other;Governance::Other
Neverland,DeFi,Lending,PoolConfigurator (Proxy),0x193672b2454850ee247435e365a87f7cb857a0f7,DeFi::Lending;NFT::Other;Governance::Other
Neverland,DeFi,Lending,PoolDataProvider,0xfd0b6b6f736376f7b99ee989c749007c7757fdba,DeFi::Lending;NFT::Other;Governance::Other
Neverland,DeFi,Lending,PoolLogic,0xdcf1dcb529fe2c61bf8bbb10eb8b5ae843882dc5,DeFi::Lending;NFT::Other;Governance::Other
Neverland,DeFi,Lending,ProxyAdmin,0x6400650ced1ed7179143d40b4431c3cc8c068d90,DeFi::Lending;NFT::Other;Governance::Other
Neverland,DeFi,Lending,ReservesSetupHelper,0xe7d17a88c66b4ed0b73872937cdc5e081c118dcd,DeFi::Lending;NFT::Other;Governance::Other
Neverland,DeFi,Lending,RevenueReward (Impl.),0x1df0f25344d29f541a53502a96dfed3066d40b0a,DeFi::Lending;NFT::Other;Governance::Other
Neverland,DeFi,Lending,RevenueReward (Proxy),0xff20ac10eb808b1e31f5cfca58d80ede2ba71c43,DeFi::Lending;NFT::Other;Governance::Other
Neverland,DeFi,Lending,StableDebtToken,0xa02c3e9d0b9dec0a7f53908742af141af4ef45b5,DeFi::Lending;NFT::Other;Governance::Other
Neverland,DeFi,Lending,StableOne,0x09bd1e4bc6f035d5025d0e86a9b24a7fc9f1125b,DeFi::Lending;NFT::Other;Governance::Other
Neverland,DeFi,Lending,StableTwo,0xb00e2d557cfcf73a3c6d9fe98332290fac7546e4,DeFi::Lending;NFT::Other;Governance::Other
Neverland,DeFi,Lending,SupplyLogic,0x4c505f18c39ef5881bcb5ebfbdd89e607ea2185d,DeFi::Lending;NFT::Other;Governance::Other
Neverland,DeFi,Lending,USDC_AToken,0x38648958836ea88b368b4ac23b86ad44b0fe7508,DeFi::Lending;NFT::Other;Governance::Other
Neverland,DeFi,Lending,USDC_StableDebtToken,0x7491e87eed26418ff67422169a7608e67d691978,DeFi::Lending;NFT::Other;Governance::Other
Neverland,DeFi,Lending,USDC_VariableDebtToken,0xb26fb5e35f6527d6f878f7784ea71774595b249c,DeFi::Lending;NFT::Other;Governance::Other
Neverland,DeFi,Lending,UiIncentiveDataProviderV3,0x81242ada455d766b5032eb4abf9baeaa49077450,DeFi::Lending;NFT::Other;Governance::Other
Neverland,DeFi,Lending,UiPoolDataProviderV3,0x0733e79171dd5a5e8af41e387c6299bcfe6a7e55,DeFi::Lending;NFT::Other;Governance::Other
Neverland,DeFi,Lending,UserVaultBeacon,0xc9fe3db9b14a538fab2eeba33a8feab6ed7ddceb,DeFi::Lending;NFT::Other;Governance::Other
Neverland,DeFi,Lending,UserVaultFactory (Impl.),0x95af995c9dcb1b6cffee6d81631dab5527884370,DeFi::Lending;NFT::Other;Governance::Other
Neverland,DeFi,Lending,UserVaultFactory (Proxy),0xe82f2fa836bc5db42a36c66027c0113bcaa28143,DeFi::Lending;NFT::Other;Governance::Other
Neverland,DeFi,Lending,UserVaultImplementation,0x49f745b5265b6ca695e60e89dc50fd36edd252ab,DeFi::Lending;NFT::Other;Governance::Other
Neverland,DeFi,Lending,UserVaultRegistry,0x794ccdb375ab08c340528a71ba433a9016c657a5,DeFi::Lending;NFT::Other;Governance::Other
Neverland,DeFi,Lending,VariableDebtToken,0x936c7e76905c83edc12f8a5ca993a6609d8bbaa2,DeFi::Lending;NFT::Other;Governance::Other
Neverland,DeFi,Lending,VolatileOne,0x9b4528918159e1ae937740051fb69bcd4e164cc3,DeFi::Lending;NFT::Other;Governance::Other
Neverland,DeFi,Lending,WMON_AToken,0xd0fd2cf7f6ceff4f96b1161f5e995d5843326154,DeFi::Lending;NFT::Other;Governance::Other
Neverland,DeFi,Lending,WMON_StableDebtToken,0x81b19837295a2b4b1f6e0b2eaa239999294374e4,DeFi::Lending;NFT::Other;Governance::Other
Neverland,DeFi,Lending,WMON_VariableDebtToken,0x3aca285b9f57832ff55f1e6835966890845c1526,DeFi::Lending;NFT::Other;Governance::Other
Neverland,DeFi,Lending,WalletBalanceProvider,0x8911db480c1c0c1e06f17c2bc76b26d861e40d47,DeFi::Lending;NFT::Other;Governance::Other
Neverland,DeFi,Lending,WrappedTokenGatewayV3,0x800409dbd7157813bb76501c30e04596cc478f25,DeFi::Lending;NFT::Other;Governance::Other
Sumer,DeFi,Lending,CompLogic,0x332f124323a1da3aeca4860f3b2b4a4c0df232ae,DeFi::Lending;DeFi::CDP;DeFi::Cross Chain;DeFi::Synthetics
Sumer,DeFi,Lending,Comptroller,0x2d9b96648c784906253c7fa94817437ef59cf226,DeFi::Lending;DeFi::CDP;DeFi::Cross Chain;DeFi::Synthetics
Sumer,DeFi,Lending,RedemptionManager,0xbb134359b3e6794127c7232680f959ce6bf60814,DeFi::Lending;DeFi::CDP;DeFi::Cross Chain;DeFi::Synthetics
Sumer,DeFi,Lending,Timelock,0x0f0af0e3deb8a884fcb54907ba571c84c2eb3042,DeFi::Lending;DeFi::CDP;DeFi::Cross Chain;DeFi::Synthetics
Sumer,DeFi,Lending,sdrMON,0x16c7d1f9ea48f7de5e8bc3165a04e8340da574fa,DeFi::Lending;DeFi::CDP;DeFi::Cross Chain;DeFi::Synthetics
Sumer,DeFi,Lending,sdrUSDC,0xe19fd48c972e2db074c4b0b29ff2f0d3e1aefe52,DeFi::Lending;DeFi::CDP;DeFi::Cross Chain;DeFi::Synthetics
Sumer,DeFi,Lending,sdrWETH,0xf4db30e806609516d14cdb53d9bc306c99505451,DeFi::Lending;DeFi::CDP;DeFi::Cross Chain;DeFi::Synthetics
Timeswap,DeFi,Lending,TimeswapV2LiquidityToken,0xca9fea121c08f7b71f4625af75c9a8bfc7adbc3b,DeFi::Lending;DeFi::CDP
Timeswap,DeFi,Lending,TimeswapV2OptionFactory,0x9515507fc36174e0babac382b6640ef2325e61da,DeFi::Lending;DeFi::CDP
Timeswap,DeFi,Lending,TimeswapV2Periphery,0x69a88955d83d7952142dda9c688716ca51bc7eeb,DeFi::Lending;DeFi::CDP
Timeswap,DeFi,Lending,TimeswapV2PeripheryNoDexAddLiquidityGivenPrincipal,0xc04766f87953c5693c18c976e4b26ef24520b570,DeFi::Lending;DeFi::CDP
Timeswap,DeFi,Lending,TimeswapV2PeripheryNoDexBorrowGivenPosition,0x5b598635aeca23690e5b6f3c33c7bd7c79516d62,DeFi::Lending;DeFi::CDP
Timeswap,DeFi,Lending,TimeswapV2PeripheryNoDexBorrowGivenPrincipal,0x5752513819a784ddc1393b137e9ac244b17806db,DeFi::Lending;DeFi::CDP
Timeswap,DeFi,Lending,TimeswapV2PeripheryNoDexCloseBorrowGivenPosition,0x369071882fa8c1cd3360123dd9ff2af4c435d311,DeFi::Lending;DeFi::CDP
Timeswap,DeFi,Lending,TimeswapV2PeripheryNoDexCloseBorrowGivenPositionForLiquidity,0x53bd5307373d622059ced2c10e4e8485fe50c4c9,DeFi::Lending;DeFi::CDP
Timeswap,DeFi,Lending,TimeswapV2PeripheryNoDexCloseLendGivenPosition,0xba37dbaf63c61e056d3c44dbcc7d36898ba54441,DeFi::Lending;DeFi::CDP
Timeswap,DeFi,Lending,TimeswapV2PeripheryNoDexCloseLendGivenPositionForLiquidity,0x48b9837385ae1c3efc3170207279f1867fc67983,DeFi::Lending;DeFi::CDP
Timeswap,DeFi,Lending,TimeswapV2PeripheryNoDexCollect,0xe7c07c840260a9768332c8af1ae95941debea0d1,DeFi::Lending;DeFi::CDP
Timeswap,DeFi,Lending,TimeswapV2PeripheryNoDexLendGivenPrincipal,0x49028cb356d9aa33b996e2bb17d708044f54d01d,DeFi::Lending;DeFi::CDP
Timeswap,DeFi,Lending,TimeswapV2PeripheryNoDexQuoterAddLiquidityGivenPrincipal,0xbc0800cf33da737a069c8cf7189c69aad703f0fe,DeFi::Lending;DeFi::CDP
Timeswap,DeFi,Lending,TimeswapV2PeripheryNoDexQuoterBorrowGivenPosition,0xba43a58fc290663415556441098047645910c44d,DeFi::Lending;DeFi::CDP
Timeswap,DeFi,Lending,TimeswapV2PeripheryNoDexQuoterBorrowGivenPrincipal,0x6ef942faec47cac5538f429c734bf1b98f963a26,DeFi::Lending;DeFi::CDP
Timeswap,DeFi,Lending,TimeswapV2PeripheryNoDexQuoterCloseBorrowGivenPosition,0x73a76aff6dc8aca146bc7878c5bf686156d3b519,DeFi::Lending;DeFi::CDP
Timeswap,DeFi,Lending,TimeswapV2PeripheryNoDexQuoterCloseBorrowGivenPositionForLiquidity,0x1c0132b292e34bb6a05eedb979046e117c8d55dc,DeFi::Lending;DeFi::CDP
Timeswap,DeFi,Lending,TimeswapV2PeripheryNoDexQuoterCloseLendGivenPosition,0x235272e5e7561505011729b30b2aa57bd9ef6eac,DeFi::Lending;DeFi::CDP
Timeswap,DeFi,Lending,TimeswapV2PeripheryNoDexQuoterCloseLendGivenPositionForLiquidity,0x99359eab05a8e2464bfcaa00eac28e0201845a53,DeFi::Lending;DeFi::CDP
Timeswap,DeFi,Lending,TimeswapV2PeripheryNoDexQuoterCollect,0xffc95ed4db5a43fd3bb9fdacd2b9409d01167b2a,DeFi::Lending;DeFi::CDP
Timeswap,DeFi,Lending,TimeswapV2PeripheryNoDexQuoterLendGivenPrincipal,0xcecd8827def5ba6048d9b374cda1abfd9bf857ec,DeFi::Lending;DeFi::CDP
Timeswap,DeFi,Lending,TimeswapV2PeripheryNoDexQuoterRemoveLiquidityGivenPosition,0xdca2644d1f0900740158a64cbdc339b0514a4947,DeFi::Lending;DeFi::CDP
Timeswap,DeFi,Lending,TimeswapV2PeripheryNoDexQuoterWithdraw,0xcce1f61dc39e157a63675145a0ffb50065c2f56d,DeFi::Lending;DeFi::CDP
Timeswap,DeFi,Lending,TimeswapV2PeripheryNoDexQuoterWithdrawForLiquidity,0xdb81aa023d1b2465a93087ef829ae438643939cf,DeFi::Lending;DeFi::CDP
Timeswap,DeFi,Lending,TimeswapV2PeripheryNoDexRemoveLiquidityGivenPosition,0x7e226a29a54050181d1bfc8a490840f62203f0f4,DeFi::Lending;DeFi::CDP
Timeswap,DeFi,Lending,TimeswapV2PeripheryNoDexWithdraw,0xa37a55bdf9a3227610b61ef4446670ed4b763b86,DeFi::Lending;DeFi::CDP
Timeswap,DeFi,Lending,TimeswapV2PeripheryNoDexWithdrawForLiquidity,0x0c67b8aa57e66978cc3d11aee602376429e2a567,DeFi::Lending;DeFi::CDP
Timeswap,DeFi,Lending,TimeswapV2PoolFactory,0xbf90d2d8e629ca48cf001f1ca6adb47f120fb91a,DeFi::Lending;DeFi::CDP
Timeswap,DeFi,Lending,TimeswapV2Token,0x1c65868b41d5d69146246e3e44b66804d2698c6d,DeFi::Lending;DeFi::CDP
Timeswap,DeFi,Lending,TimeswapV2TokenForLiquidity,0x3d7407988b6b3589dcd949b647fe1f0ec80d5002,DeFi::Lending;DeFi::CDP
TownSquare,DeFi,Lending,AccountController,0xc2df24203ab3a4f3857d649757a99e18de059a16,DeFi::Lending;DeFi::Cross Chain
TownSquare,DeFi,Lending,Hub,0x2dfdb4bf6c910b5bbbb0d07ec5f088e294628189,DeFi::Lending;DeFi::Cross Chain
TownSquare,DeFi,Lending,HubMessageDispatcher,0xed84c02a0787d56d0b53efe64dd60a1ae20e4e31,DeFi::Lending;DeFi::Cross Chain
TownSquare,DeFi,Lending,HubRelayer,0x2970fde6064178d51d961689cb5b64226ab11fc2,DeFi::Lending;DeFi::Cross Chain
TownSquare,DeFi,Lending,LoanController,0xc4c20efbefa4bde14091a3040d112cf981d8b2db,DeFi::Lending;DeFi::Cross Chain
TownSquare,DeFi,Lending,MON Pool,0x106d0e2bff74b39d09636bdcd5d4189f24d91433,DeFi::Lending;DeFi::Cross Chain
TownSquare,DeFi,Lending,PriceFeedManager,0x428cfa65310c70bc9e65bddb26c65fe4ca490376,DeFi::Lending;DeFi::Cross Chain
TownSquare,DeFi,Lending,SpokeController,0x8f8a0ed366439576b7db220678ed1259743239e3,DeFi::Lending;DeFi::Cross Chain
TownSquare,DeFi,Lending,SpokeMessageDispatcher,0xb4a545a183bd072548ddfe9ddadc2c6f962ac14f,DeFi::Lending;DeFi::Cross Chain
TownSquare,DeFi,Lending,SpokeNativeToken,0x0392354326960f891926835eedab127766b21668,DeFi::Lending;DeFi::Cross Chain
TownSquare,DeFi,Lending,SpokeOperations,0x63cb1cf5accbcc57e0cca047be9673ea5022b8db,DeFi::Lending;DeFi::Cross Chain
TownSquare,DeFi,Lending,USDC Pool,0xdb4e67f878289a820046f46f6304fd6ee1449281,DeFi::Lending;DeFi::Cross Chain
TownSquare,DeFi,Lending,USDC SpokeToken,0xa457235b68606a7921b7c525d92e9592e793b4c0,DeFi::Lending;DeFi::Cross Chain
TownSquare,DeFi,Lending,WMON Pool,0xf358f9e4ba7d210fde8c9a30522bb0063e15c4bb,DeFi::Lending;DeFi::Cross Chain
TownSquare,DeFi,Lending,WMON SpokeToken,0xa2b1ac2bb0a6ad5e74d74f8809a2f935813d273a,DeFi::Lending;DeFi::Cross Chain
Puffer,DeFi,Liquid Staking,pufETH,0x37d6382b6889ccef8d6871a8b60e667115eddbcf,DeFi::Liquid Staking;DeFi::Staking
ApeBond,DeFi,Other,ApeBond,0x1b7858f745211dba1387fe30124ebca2d706d7dd,DeFi::Other
ApeBond,DeFi,Other,ApeBondFactory,0xd731d8103132275b21a27ea8c8428ac6b97c5d35,DeFi::Other
ApeBond,DeFi,Other,BondNft,0xc765c358622cb346f236f8bfffe53036e421bb4e,DeFi::Other
ApeBond,DeFi,Other,BondTreasury,0x1f226c1008f5de89614bb15d09745128cf2a4d62,DeFi::Other
LeverUp,DeFi,Perpetuals / Derivatives,LVMON,0x91b81bfbe3a747230f0529aa28d8b2bc898e6d56,DeFi::Perpetuals / Derivatives;DeFi::RWA;DeFi::Stablecoin
LeverUp,DeFi,Perpetuals / Derivatives,LVMON_Issuer,0xbf52ced429c3901afa4bbf25849269ef7a4ad105,DeFi::Perpetuals / Derivatives;DeFi::RWA;DeFi::Stablecoin
LeverUp,DeFi,Perpetuals / Derivatives,LVUSD,0xfd44b35139ae53fff7d8f2a9869c503d987f00d1,DeFi::Perpetuals / Derivatives;DeFi::RWA;DeFi::Stablecoin
LeverUp,DeFi,Perpetuals / Derivatives,LVUSD_Issuer,0x135951057cfccca7e8ef87ee41318d670f723f68,DeFi::Perpetuals / Derivatives;DeFi::RWA;DeFi::Stablecoin
LeverUp,DeFi,Perpetuals / Derivatives,LeverUp,0xea1b8e4ab7f14f7dca68c5b214303b13078fc5ec,DeFi::Perpetuals / Derivatives;DeFi::RWA;DeFi::Stablecoin
Narwhal Finance,DeFi,Perpetuals / Derivatives,FeeHelper ,0xe22fb1f1bb003759faced645458b8b8ee262828d,DeFi::Perpetuals / Derivatives
Narwhal Finance,DeFi,Perpetuals / Derivatives,PairInfos,0x5c39f9739c123e64535f6250b256964bc20c52f1,DeFi::Perpetuals / Derivatives
Narwhal Finance,DeFi,Perpetuals / Derivatives,Trading,0x3556d16519e3407ad43d5d7b3011bb095553d77a,DeFi::Perpetuals / Derivatives
Narwhal Finance,DeFi,Perpetuals / Derivatives,TradingStorage,0xfbc1cf329ad241352e777ab7bc17962452b87949,DeFi::Perpetuals / Derivatives
Narwhal Finance,DeFi,Perpetuals / Derivatives,TradingVault,0xb412a5d72c203df308624e435659c9f70b6960aa,DeFi::Perpetuals / Derivatives
Mu Protocol,DeFi,RWA,AZND,0x4917a5ec9fcb5e10f47cbb197abe6ab63be81fe8,DeFi::RWA;DeFi::Yield
Mu Protocol,DeFi,RWA,AZNDPriceFeed (Implementation),0x0b4c9dd5a3ecc14225d9b895716a65e4a7ad3fec,DeFi::RWA;DeFi::Yield
Mu Protocol,DeFi,RWA,AZNDPriceFeed (Proxy),0x9d839e0a6a86b05643b4811de06ef09985ebbaef,DeFi::RWA;DeFi::Yield
Mu Protocol,DeFi,RWA,AccessManager (Implementation),0xef1776ed00e8f9fe783e269d10676c7820465461,DeFi::RWA;DeFi::Yield
Mu Protocol,DeFi,RWA,AccessManager (Proxy),0x7b14860ecd88fb65a22a1d259d1248bf199fb47f,DeFi::RWA;DeFi::Yield
Mu Protocol,DeFi,RWA,MuBONDPriceFeed (Implementation),0xedb2d57678440ad5bbe2213695b2abeb754b72f7,DeFi::RWA;DeFi::Yield
Mu Protocol,DeFi,RWA,MuBONDPriceFeed (Proxy),0x319817781134b450b3a7c672243cc701bfcab44e,DeFi::RWA;DeFi::Yield
Mu Protocol,DeFi,RWA,PriceFeed (Implementation),0x74ae87e5ce997b73acfac85a3ce5570475d6b46b,DeFi::RWA;DeFi::Yield
Mu Protocol,DeFi,RWA,PriceFeed (Proxy),0x8b9670c5e4d9f1c14f1f9fe625dd099924ad4d4f,DeFi::RWA;DeFi::Yield
Mu Protocol,DeFi,RWA,PrimaryMarket (Implementation),0xe5f8ec544310d5ae79da0f921d01ce80ffd528eb,DeFi::RWA;DeFi::Yield
Mu Protocol,DeFi,RWA,PrimaryMarket (Proxy),0xe64730de04aeaf8d38925825d77d7a4c00340c89,DeFi::RWA;DeFi::Yield
Mu Protocol,DeFi,RWA,RewardDistributor (Implementation),0xd4df076285f36b8c996fc5f2dc1f886f23a64229,DeFi::RWA;DeFi::Yield
Mu Protocol,DeFi,RWA,RewardDistributor (Proxy),0x7c28385ee6cad71a4c7f747f302582170a7b93be,DeFi::RWA;DeFi::Yield
Mu Protocol,DeFi,RWA,StakingEscrow (Implementation),0x345e3ff3c551d1ad33a7294f405084b9863b9aae,DeFi::RWA;DeFi::Yield
Mu Protocol,DeFi,RWA,StakingEscrow (Proxy),0x35f73a069554bb11d73307564265451b88b3e3b6,DeFi::RWA;DeFi::Yield
Mu Protocol,DeFi,RWA,Timelock (Implementation),0xd91c46c66c56e391f562885b1cf279b838863eda,DeFi::RWA;DeFi::Yield
Mu Protocol,DeFi,RWA,Timelock (Proxy),0x3e0ff06afcf1011c91a5063ca57f2fcc54f7e862,DeFi::RWA;DeFi::Yield
Mu Protocol,DeFi,RWA,TreasuryManager (Implementation),0xb55f4f4bbb466f9c022d3edf4b584c30eb624113,DeFi::RWA;DeFi::Yield
Mu Protocol,DeFi,RWA,TreasuryManager (Proxy),0xf3cdc00cca19f336b1c1b4bd684a949124a93ea7,DeFi::RWA;DeFi::Yield
Mu Protocol,DeFi,RWA,loAZND (Implementation),0x00a927d9d8af27d06c4e2c3abb5b88b0e1766470,DeFi::RWA;DeFi::Yield
Mu Protocol,DeFi,RWA,loAZND (Proxy),0x9c82eb49b51f7dc61e22ff347931ca32adc6cd90,DeFi::RWA;DeFi::Yield
Mu Protocol,DeFi,RWA,muBOND,0x336d414754967c6682b5a665c7daf6f1409e63e8,DeFi::RWA;DeFi::Yield
Circle USDC,DeFi,Stablecoin,USDC,0x754704bc059f8c67012fed69bc8a327a5aafb603,DeFi::Stablecoin
Mona Trading Bot,DeFi,Trading,MonaV2Router01,0x27a6c2e8ae9e7f96040394a1f8fe2a202ce0e599,DeFi::Trading
Mona Trading Bot,DeFi,Trading,MonaV2Router02,0x95def69a01962f0cb24e2c5daa1fa5126beea95d,DeFi::Trading
Mona Trading Bot,DeFi,Trading,MonaV3Router01,0x7e75d7eb235703d8acbd71382bf2f344fb23ab5b,DeFi::Trading
Mona Trading Bot,DeFi,Trading,MonaV3Router02,0x50adc49f643f06888a8950dd172ae48221e49a38,DeFi::Trading
Mona Trading Bot,DeFi,Trading,MonaV3Router03,0x09ec7d8d3065097d5859539ed4590dd76c0c77e0,DeFi::Trading
Definitive Finance,DeFi,Trading Interfaces,VaultBeacon,0x000000005ae5f42270cdf0e41960840e7fb1b2dc,DeFi::Trading Interfaces
Definitive Finance,DeFi,Trading Interfaces,VaultFactory,0xdef00000cc0a125ba7962e8113d3b69786851736,DeFi::Trading Interfaces
Definitive Finance,DeFi,Trading Interfaces,VaultImplementation,0x0000000d1126e7651931461f31be87712cd9e05c,DeFi::Trading Interfaces
Mevx,DeFi,Trading Interfaces,MevxSwapRouterMT3,0xf867f2bfd6c1926770e6451a72b2899231678a56,DeFi::Trading Interfaces
Mevx,DeFi,Trading Interfaces,MevxSwapRouterPV2,0xc67134cc40765fc28e2d54f58cd93d382d9137d8,DeFi::Trading Interfaces
Mevx,DeFi,Trading Interfaces,MevxSwapRouterPV3,0xa26326af694d03a12250df01733b173c05153a76,DeFi::Trading Interfaces
Mevx,DeFi,Trading Interfaces,MevxSwapRouterUV2,0x92ef088bc025ebaf7c9521dfa82130d33934eb30,DeFi::Trading Interfaces
Mevx,DeFi,Trading Interfaces,MevxSwapRouterUV3,0xd1f47ef81354663f3786b62b5b95c1015da48ca4,DeFi::Trading Interfaces
Enjoyoors,DeFi,Yield,Vault,0x6b5e332387e8bec98c52f10a72952b17176b4f1b,DeFi::Yield
Enjoyoors,DeFi,Yield,WithdrawalApprover,0x71f60773885011cc0a61613078733b4738b38f35,DeFi::Yield
Accountable,DeFi,Yield Aggregator,AccountableFixedTerm,0xd0a53e724ea9cb041e30f0243e3c84bdea238dfa,DeFi::Yield Aggregator
Accountable,DeFi,Yield Aggregator,AccountableOpenTerm,0x59b0b84371bb3261fad538c512efffc414cc1725,DeFi::Yield Aggregator
Accountable,DeFi,Yield Aggregator,AsyncVaultFactory,0xee004aef79cb14bf31bfbfb14346e01fb7e5a2e8,DeFi::Yield Aggregator
Accountable,DeFi,Yield Aggregator,FeeManager,0x4de9b4d7b70d1680cd8e3a2c60717cbbe6014991,DeFi::Yield Aggregator
Accountable,DeFi,Yield Aggregator,FixedTermFactory,0x8a5caf00c3eb20aec11fc35c153a8601cd127fed,DeFi::Yield Aggregator
Accountable,DeFi,Yield Aggregator,GlobalRegistry,0xf786154e56e5c88ce984800dea71b48ea4ffabfe,DeFi::Yield Aggregator
Accountable,DeFi,Yield Aggregator,OpenTermFactory,0x606556a6b544ecdcbf15af73a63b67516dc16ad7,DeFi::Yield Aggregator
Accountable,DeFi,Yield Aggregator,RewardsFactory,0x1106a70223e98e2b1807bf3e12698afe2c5693e6,DeFi::Yield Aggregator
Thevapelabs,DePIN,Data Collection,MIST,0xfa2f863eb512434e99e2365fa5f7ac7674dde000,DePIN::Data Collection;DePIN::Data Labelling;AI::Consumer AI
Thevapelabs,DePIN,Data Collection,PointSyncer,0x925726a0aabb82464d21f6795a457fa9fe0a57c1,DePIN::Data Collection;DePIN::Data Labelling;AI::Consumer AI
Thevapelabs,DePIN,Data Collection,Staking,0x51fff43eb9cc9ce9de491e86dcfbfbf0864cfeed,DePIN::Data Collection;DePIN::Data Labelling;AI::Consumer AI
Bro Fun,Gaming,Games,Brofun,0xdf7a89fc62e5120c4617f143c7acddab0d1ca7a2,Gaming::Games;Gaming::Mobile-First
ESP.Fun,Gaming,Games,DevelopmentPlayers,0x81de118eaeca76df364458d76ad1f2f02fa7c238,Gaming::Games;NFT::Collections;DeFi::DEX
ESP.Fun,Gaming,Games,FDFPair,0x5159373fe2d88bbc217a9860ae739eb3294d9e12,Gaming::Games;NFT::Collections;DeFi::DEX
ESP.Fun,Gaming,Games,FeeManager,0xe4dcbd655acbf413097caf4576a4d9db05acc015,Gaming::Games;NFT::Collections;DeFi::DEX
ESP.Fun,Gaming,Games,PackSale,0x26448da45e80709b3e4adffa4a98c62925ea836f,Gaming::Games;NFT::Collections;DeFi::DEX
ESP.Fun,Gaming,Games,PackSaleReveal,0x7f51991a3c9c779a841caefeee4c0167bf6f871a,Gaming::Games;NFT::Collections;DeFi::DEX
ESP.Fun,Gaming,Games,Player,0xc99a1d62a453481b24c5364403e61c4254218d28,Gaming::Games;NFT::Collections;DeFi::DEX
ESP.Fun,Gaming,Games,PlayerPack,0x3c1bcd19455f3fa33234faf9c73f9e6ea055a899,Gaming::Games;NFT::Collections;DeFi::DEX
LumiterraGame,Gaming,Games,LumiterraGameInbox,0x4bd7ab4f4251f6a20e8c64d24f3a2f89f47d80b9,Gaming::Games
LumiterraGame,Gaming,Games,LumiterraGameItemNFT,0x8f28e18039c37cdb4389e6dcb8703966fb9480a8,Gaming::Games
LootGO,Gaming,Mobile-First,LootDrop,0x3e1fc8371bf6dceffd829ae2134005a4ae890b71,Gaming::Mobile-First;Gaming::Games;Consumer::Other
Nar.bet,Gaming,Other,Baccarat,0xbeaafcc7648354a0722350378bf2a295b9b946a8,Gaming::Other
Nar.bet,Gaming,Other,Bankroll,0x71dc4a726c92e6bf506f2afc2cee8b63a89b29ec,Gaming::Other
Nar.bet,Gaming,Other,CoinFlip,0xa7f902847a16f1cdbf043c0653865d40e6695de5,Gaming::Other
Nar.bet,Gaming,Other,FishPrawnCrab,0xbb1b4ee5d22ca19faa5aa9a55caf4abaed14607b,Gaming::Other
Nar.bet,Gaming,Other,Limbo,0x11b83a467abff4c466294af94b99acef3d85929d,Gaming::Other
Nar.bet,Gaming,Other,Mines,0x1ce656bd09a59a59513c4460220031d49038739e,Gaming::Other
Nar.bet,Gaming,Other,Plinko,0xf970b3c6a1bd7745a07b317543ea999e4e98666c,Gaming::Other
Nar.bet,Gaming,Other,Range,0x8baece06d825d36b52cb588960ae707d6c76a54c,Gaming::Other
Nar.bet,Gaming,Other,RockPaperScissors,0xda18dc7bb27ca2056fa3ca3da3973218dc18f8e3,Gaming::Other
Nar.bet,Gaming,Other,Roulette,0x39aa4ecb48c52a018b2a1a700b89c4912fc39967,Gaming::Other
Nar.bet,Gaming,Other,Slots,0xe3c0b41413bc9913e0ace43a64637ef6c4e39f97,Gaming::Other
Nar.bet,Gaming,Other,VideoPoker,0x681d2c159ee77f660f5081a3c193fb9613b624c0,Gaming::Other
Axelar,Infra,Interoperability,AxelarGasService,0xbe406f0189a0b4cf3a05c286473d23791dd44cc6,Infra::Interoperability
Axelar,Infra,Interoperability,AxelarGateway,0xe432150cce91c13a887f7d836923d5597add8e31,Infra::Interoperability
Axelar,Infra,Interoperability,ConstAddressDeployer,0x98b2920d53612483f91f12ed7754e51b4a77919e,Infra::Interoperability
Axelar,Infra,Interoperability,Create3Deployer,0x6513aedb4d1593ba12e50644401d976aebdc90d8,Infra::Interoperability
Axelar,Infra,Interoperability,MonadAxelarTransceiver,0x50beabe4883981624aea01f737b040d1e3fe83fb,Infra::Interoperability
Axelar,Infra,Interoperability,Operators,0x7f83f5ca2ae4206abff8a3c3668e88ce5f11c0b5,Infra::Interoperability
Chainlink CCIP,Infra,Interoperability,EthToMonadCommitStore,0xce78587feaddefc30e36520c09fc3a333dd6eef4,Infra::Interoperability
Chainlink CCIP,Infra,Interoperability,EthToMonadOffRamp,0xbad8b04ed03a1ceac89e8328f4ea7148b2e6d642,Infra::Interoperability
Chainlink CCIP,Infra,Interoperability,MonadToEthOnRamp,0xb39b7d0cdd79b94b08b334965c1720be51a31986,Infra::Interoperability
Chainlink CCIP,Infra,Interoperability,PriceRegistry,0xddbc012b8a5c317b9611ee593fa49de370bf950f,Infra::Interoperability
Chainlink CCIP,Infra,Interoperability,RMN,0xf181489663b5b99af5c5a57310f1d66eeeec2160,Infra::Interoperability
Chainlink CCIP,Infra,Interoperability,RMNProxy,0x99dfca5d88f4d9c023531f4403966b8d61562acd,Infra::Interoperability
Chainlink CCIP,Infra,Interoperability,RegistryModuleOwnerCustom,0x4afc00570596d172595a4e38384289b880263006,Infra::Interoperability
Chainlink CCIP,Infra,Interoperability,Router,0x33566fe5976aaa420f3d5c64996641fc3858cadb,Infra::Interoperability
Chainlink CCIP,Infra,Interoperability,TokenAdminRegistry,0x11acd984dd680363117b310f6ebdf78fd6c0195f,Infra::Interoperability
Chainlink CCIP,Infra,Interoperability,TokenPoolFactory,0x4c1d9f81d59270ddc1c0f1a4d7c39264d9ada379,Infra::Interoperability
Circle CCTP,Infra,Interoperability,MessageTransmitterV2,0x81d40f21f12a8f0e3252bccb954d722d4c464b64,Infra::Interoperability
Circle CCTP,Infra,Interoperability,MessageV2,0xec546b6b005471ecf012e5af77fbec07e0fd8f78,Infra::Interoperability
Circle CCTP,Infra,Interoperability,TokenMessengerV2,0x28b5a0e9c621a5badaa536219b3a228c8168cf5d,Infra::Interoperability
Circle CCTP,Infra,Interoperability,TokenMinterV2,0xfd78ee919681417d192449715b2594ab58f5d002,Infra::Interoperability
DeBridge,Infra,Interoperability,DeBridgeRouter,0x663dc15d3c1ac63ff12e45ab68fea3f0a883c251,Infra::Interoperability
DeBridge,Infra,Interoperability,DebridgeGate,0x43de2d77bf8027e25dbd179b491e8d64f38398aa,Infra::Interoperability
DeBridge,Infra,Interoperability,DlnDest,0xe7351fd770a37282b91d153ee690b63579d6dd7f,Infra::Interoperability
DeBridge,Infra,Interoperability,DlnSource,0xef4fb24ad0916217251f553c0596f8edc630eb66,Infra::Interoperability
Gas.zip,Infra,Interoperability,GasZip,0x9e22ebec84c7e4c4bd6d4ae7ff6f4d436d6d8390,Infra::Interoperability
LayerZero,Infra,Interoperability,blockedMessageLib,0xc1ce56b2099ca68720592583c7984cab4b6d7e7a,Infra::Interoperability
LayerZero,Infra,Interoperability,deadDVN,0x6788f52439aca6bff597d3eec2dc9a44b8fee842,Infra::Interoperability
LayerZero,Infra,Interoperability,endpointV2,0x6f475642a6e85809b1c36fa62763669b1b48dd5b,Infra::Interoperability
LayerZero,Infra,Interoperability,endpointV2View,0xaab5a48cfc03efa9cc34a2c1aacccb84b4b770e4,Infra::Interoperability
LayerZero,Infra,Interoperability,executor,0x4208d6e27538189bb48e603d6123a94b8abe0a0b,Infra::Interoperability
LayerZero,Infra,Interoperability,lzExecutor,0x41bdb4aa4a63a5b2efc531858d3118392b1a1c3d,Infra::Interoperability
LayerZero,Infra,Interoperability,receiveUln302,0xe1844c5d63a9543023008d332bd3d2e6f1fe1043,Infra::Interoperability
LayerZero,Infra,Interoperability,sendUln302,0xc39161c743d0307eb9bcc9fef03eeb9dc4802de7,Infra::Interoperability
Li.Fi,Infra,Interoperability,Li.Fi,0x026f252016a7c47cdef1f05a3fc9e20c92a49c37,Infra::Interoperability
Wormhole,Infra,Interoperability,CCTPv2ReceiveWithGasDropoff,0xd64341a38a5eafb9eb9bacf8a5c52fe858c4abe9,Infra::Interoperability
Wormhole,Infra,Interoperability,CCTPv2WithExecutor,0xa4d775410fb35d8ce49ad98d3f483a55e532de73,Infra::Interoperability
Wormhole,Infra,Interoperability,Core,0x194b123c5e96b9b2e49763619985790dc241cac0,Infra::Interoperability
Wormhole,Infra,Interoperability,Executor,0xc04de634982cadf2a677310b73630b7ac56a3f65,Infra::Interoperability
Wormhole,Infra,Interoperability,GenericWormholeTransceiver,0x1a0f31492ca69df6a82906ce88613aecd9245c44,Infra::Interoperability
Wormhole,Infra,Interoperability,GmpManager,0x92957b3d0cab3ea7110fed1ccc4ef564981a59fc,Infra::Interoperability
Wormhole,Infra,Interoperability,MultiNTTWithExecutor,0xfea937f7124e19124671f1685671d3f04a9af4e4,Infra::Interoperability
Wormhole,Infra,Interoperability,MultiReceiveWithGasDropoff,0x0e4eaf9c5c74bec4cb651394db4847f77700e175,Infra::Interoperability
Wormhole,Infra,Interoperability,MultiTokenNTT,0x36878c6fca7e0e8a88f90dc410cfbbca5b695c95,Infra::Interoperability
Wormhole,Infra,Interoperability,NTTWithExecutor,0x93fe94ad887a1b04dbff1f736bfcd1698d4cff66,Infra::Interoperability
Wormhole,Infra,Interoperability,RateLimitAdmin,0xf3c52c28ddd282a96841933bb0cb85ba0fcb2fa0,Infra::Interoperability
Wormhole,Infra,Interoperability,Token,0x7e0af7c98cbf443b345d718c3787f3f86adbc51d,Infra::Interoperability
Wormhole,Infra,Interoperability,TokenBridge,0x0b2719cda2f10595369e6673cea3ee2edfa13ba7,Infra::Interoperability
Wormhole,Infra,Interoperability,TokenBridgeRelayer,0xf7e051f93948415952a2239582823028daca948e,Infra::Interoperability
Wormhole,Infra,Interoperability,TokenBridgeRelayerWithReferrer,0x412f30e9f8b4a1e99eae90209a6b00f5c3cc8739,Infra::Interoperability
Wormhole,Infra,Interoperability,TokenDeployment,0x0dab1c1733f1a9b84c90b08da78db014b3b13ab5,Infra::Interoperability
Wormhole,Infra,Interoperability,VAAv1ReceiveWithGasDropoff,0x13b62003c8b126ec0748376e7ab22f79fb8bbdf2,Infra::Interoperability
Blocksense,Infra,Oracle,AccessControl,0x5985f6247985e0cb7750893093214a77f0f9d3ce,Infra::Oracle
Blocksense,Infra,Oracle,AggregatedDataFeedStore,0x9ca25f9149e5204cdd1c5b7717c08dff35a4efc3,Infra::Oracle
Blocksense,Infra,Oracle,CLFeedRegistryAdapter,0x43662b6ed1edea444ed2ba4e1e008403c5f32bac,Infra::Oracle
Blocksense,Infra,Oracle,UpgradeableProxyADFS,0xadf5aaa34d0a2fbaee73353ab1622e47d0600249,Infra::Oracle
Chainlink,Infra,Oracle,AAVE_USD_Aggregator,0x81bf4bbd9910f95c18cf661752bd9a07629fe191,Infra::Oracle
Chainlink,Infra,Oracle,AAVE_USD_Proxy,0x2a954d493ee80bcc7cdef56db6fc6edc6758ca5d,Infra::Oracle
Chainlink,Infra,Oracle,ADA_USD_Aggregator,0x900f68b165443a4aa1f8071471dfb8000df3bff2,Infra::Oracle
Chainlink,Infra,Oracle,ADA_USD_Proxy,0xa7cd3368ebc801df68812d46ab6b3f47d4bf37ea,Infra::Oracle
Chainlink,Infra,Oracle,APT_USD_Aggregator,0xf43def45acd1c1c54937937591dda64b43dd87c2,Infra::Oracle
Chainlink,Infra,Oracle,APT_USD_Proxy,0x714de9941991c7cec93efa6cb63469bd6bfe1258,Infra::Oracle
Chainlink,Infra,Oracle,ARB_USD_Aggregator,0xbb911c169033289187f70af5c0dd8e6f643e4adc,Infra::Oracle
Chainlink,Infra,Oracle,ARB_USD_Proxy,0xcd22c0012480987f6f81f1099e74954b75666361,Infra::Oracle
Chainlink,Infra,Oracle,AVAX_USD_Aggregator,0x060728ec2e1e132279eba0a79b2fffe26abad65c,Infra::Oracle
Chainlink,Infra,Oracle,AVAX_USD_Proxy,0xb0c0202e6d8b978f9b6fe6b5e50ebd6fd7a962a1,Infra::Oracle
Chainlink,Infra,Oracle,BERA_USD_Aggregator,0x3b126914ad2f884a68b8c182129109ef2bf97ab7,Infra::Oracle
Chainlink,Infra,Oracle,BERA_USD_Proxy,0x92929c1b04c6b4abd6c2c34111d447d972caca71,Infra::Oracle
Chainlink,Infra,Oracle,BNB_USD_Aggregator,0xbaf3aaecb1a4f8468d88c74cd014a3550f204970,Infra::Oracle
Chainlink,Infra,Oracle,BNB_USD_Proxy,0xeb58fa36e5715fc1bdb9959e0ae01803b7432882,Infra::Oracle
Chainlink,Infra,Oracle,BTC_USD_Aggregator,0xc6d6f57efe5ce2769af0e0d8708477e4819f92d0,Infra::Oracle
Chainlink,Infra,Oracle,BTC_USD_Proxy,0xc1d4c3331635184fa4c3c22fb92211b2ac9e0546,Infra::Oracle
Chainlink,Infra,Oracle,CAKE_USD_Aggregator,0x8fb6979ccb8cbe1596ad712955af201e0a29c26f,Infra::Oracle
Chainlink,Infra,Oracle,CAKE_USD_Proxy,0x6156c406b7672b4720b7a2e637f32fc68e55930c,Infra::Oracle
Chainlink,Infra,Oracle,CBBTC_USD_Aggregator,0x14ef5938cb0d1164516dd71fc656a8294570ca7e,Infra::Oracle
Chainlink,Infra,Oracle,CBBTC_USD_Proxy,0x3ddc1bae752aaee31b577bf844c799c349a1d6bd,Infra::Oracle
Chainlink,Infra,Oracle,CRO_USD_Aggregator,0x91e70e5e0eac9f07e3abd7b4b62173e6b67c30d8,Infra::Oracle
Chainlink,Infra,Oracle,CRO_USD_Proxy,0xfda103bb79fbb958ed270f828ca2506d046cac91,Infra::Oracle
Chainlink,Infra,Oracle,DOGE_USD_Aggregator,0xdfc4441dbbed5f2a743c001f722bd8d4f587c8fb,Infra::Oracle
Chainlink,Infra,Oracle,DOGE_USD_Proxy,0x1c747d909102bfcdb305c54bdddbda3ef588b1d0,Infra::Oracle
Chainlink,Infra,Oracle,DOT_USD_Aggregator,0x18d19fecf754b2f16301b9cd9a4f3d3a3540aaa2,Infra::Oracle
Chainlink,Infra,Oracle,DOT_USD_Proxy,0xc40f902d11b11bf243283af537a4fc617344b2c7,Infra::Oracle
Chainlink,Infra,Oracle,ETH_USD_Aggregator,0x3d21e2e680e2a60b440da427820aee2391375eb7,Infra::Oracle
Chainlink,Infra,Oracle,ETH_USD_Proxy,0x1b1414782b859871781ba3e4b0979b9ca57a0a04,Infra::Oracle
Chainlink,Infra,Oracle,EZETH_USD_Aggregator,0x7d12a857fb76396b3ff8749f6f832908e2dc55f5,Infra::Oracle
Chainlink,Infra,Oracle,EZETH_USD_Proxy,0xc38c1843751941019ede3b8e041ee1bd14575b44,Infra::Oracle
Chainlink,Infra,Oracle,HYPE_USD_Aggregator,0x68ba3f3b52b17bfcc8cfb9cb97df14d6a0f96e5e,Infra::Oracle
Chainlink,Infra,Oracle,HYPE_USD_Proxy,0xf62d24b17181305b22e520fb14384eb86b9c6944,Infra::Oracle
Chainlink,Infra,Oracle,LBTC_USD_Aggregator,0xf73f65c2df4e1cb89f31dee710a00627e6b9bbbc,Infra::Oracle
Chainlink,Infra,Oracle,LBTC_USD_Proxy,0x3d160cba91b35bc295295cb790080e9be9a46811,Infra::Oracle
Chainlink,Infra,Oracle,LINK_USD_Aggregator,0x44b9e53236b95ca6cfc1daed893c5b312e596477,Infra::Oracle
Chainlink,Infra,Oracle,LINK_USD_Proxy,0x5c266b5c655664d6c99a13ff0d7f1f7eaf4ac9ba,Infra::Oracle
Chainlink,Infra,Oracle,LTC_USD_Aggregator,0x24f29bb8ec47674f1a0a9011116c41f867a94337,Infra::Oracle
Chainlink,Infra,Oracle,LTC_USD_Proxy,0xf29b907b292fb27e07f06331e4e92ea7288a6001,Infra::Oracle
Chainlink,Infra,Oracle,NEAR_USD_Aggregator,0x5658ec04e7e6ef42b1c567aafc33cd92751e1730,Infra::Oracle
Chainlink,Infra,Oracle,NEAR_USD_Proxy,0x921cb0e4f2397454240ccdb27596217ce4e65090,Infra::Oracle
Chainlink,Infra,Oracle,OP_USD_Aggregator,0xb5be9cb264d299710f98c03f2604157e33e2c4cc,Infra::Oracle
Chainlink,Infra,Oracle,OP_USD_Proxy,0x3b59380fdcf2fd414f1675d76af5f20fb92663a7,Infra::Oracle
Chainlink,Infra,Oracle,POL_USD_Aggregator,0x23c377a8f4d153803a9d7869d56d0a4aefdeea93,Infra::Oracle
Chainlink,Infra,Oracle,POL_USD_Proxy,0x519dc0fbb6f4fa37f59dc17cc60ef4d95cd8d001,Infra::Oracle
Chainlink,Infra,Oracle,PYUSD_USD_Aggregator,0x638405174c766b9d1797860fdf696732921179f5,Infra::Oracle
Chainlink,Infra,Oracle,PYUSD_USD_Proxy,0xb368d0cf937a6843fb68f1cd0056c835b4cf3f70,Infra::Oracle
Chainlink,Infra,Oracle,RSETH_USD_Aggregator,0x19d7fd9167597e0338dece5f3de95f1be61fac40,Infra::Oracle
Chainlink,Infra,Oracle,RSETH_USD_Proxy,0x7422d308f0aeb0c7816402ff4e68078c2549435b,Infra::Oracle
Chainlink,Infra,Oracle,Router,0x33566fe5976aaa420f3d5c64996641fc3858cadb,Infra::Oracle
Chainlink,Infra,Oracle,SEI_USD_Aggregator,0xb983b1b6f1fc04030f9d8935dbbfd2a1239d00d9,Infra::Oracle
Chainlink,Infra,Oracle,SEI_USD_Proxy,0x251ed64bd39e8fceb708b483d18ee34bf4040ae8,Infra::Oracle
Chainlink,Infra,Oracle,SHIB_USD_Aggregator,0xf007b6d353302a6c49d18c35809faa031e94efbb,Infra::Oracle
Chainlink,Infra,Oracle,SHIB_USD_Proxy,0x68f23f7820b8528fbd1039b235923d8fb2590985,Infra::Oracle
Chainlink,Infra,Oracle,SOLVBTC_USD_Aggregator,0xe4de4f111f6a015963589256a0ecc2f70cb29bda,Infra::Oracle
Chainlink,Infra,Oracle,SOLVBTC_USD_Proxy,0xd447f67dc94f234dfa1a3921c08330ceca06a1dc,Infra::Oracle
Chainlink,Infra,Oracle,SOL_USD_Aggregator,0x10da0c6188a7d74d8556e1d6a193d58721e5e102,Infra::Oracle
Chainlink,Infra,Oracle,SOL_USD_Proxy,0x16f8008c3e89f62e5e2b909ce70999370d38f4f2,Infra::Oracle
Chainlink,Infra,Oracle,STETH_USD_Aggregator,0xbe1442ec0a67d37d1e57c4940e0c0747cf7d55b9,Infra::Oracle
Chainlink,Infra,Oracle,STETH_USD_Proxy,0xad7af5c6d78ef5f4d3c4133593047d9e2a8bda8d,Infra::Oracle
Chainlink,Infra,Oracle,SUI_USD_Aggregator,0x097d4088e99c1a01a5713b079c898fad852b9920,Infra::Oracle
Chainlink,Infra,Oracle,SUI_USD_Proxy,0x69e075202802b5a90661afdb4adc117eef8a59df,Infra::Oracle
Chainlink,Infra,Oracle,SUSDE_USD_Aggregator,0xfe3165008f7fffc27cc2649c18ffcbb959f0495a,Infra::Oracle
Chainlink,Infra,Oracle,SUSDE_USD_Proxy,0xb7e7a36a0fc6543c10f4f9b60e942f1b628f2a13,Infra::Oracle
Chainlink,Infra,Oracle,S_USD_Aggregator,0xd3f27362d951cfb596242ffba9c71e6c7d5d09af,Infra::Oracle
Chainlink,Infra,Oracle,S_USD_Proxy,0x1bd7cebaba5c2c40d44b83a08f42a3377447ddfe,Infra::Oracle
Chainlink,Infra,Oracle,TIA_USD_Aggregator,0xc64012057a58b91bf42361c7d50ba36c0255cb73,Infra::Oracle
Chainlink,Infra,Oracle,TIA_USD_Proxy,0x31938934512dfff3c410a6d07ceaf5f38b66bfee,Infra::Oracle
Chainlink,Infra,Oracle,UNI_USD_Aggregator,0x5075ea68c3d769723bc9cc23120a60e4026dd70f,Infra::Oracle
Chainlink,Infra,Oracle,UNI_USD_Proxy,0x8cc589634a0b5959fb29fc1111cff26356b11918,Infra::Oracle
Chainlink,Infra,Oracle,USD1_USD_Aggregator,0xcc973daef0a2d92bc99c21561b3fea74da033796,Infra::Oracle
Chainlink,Infra,Oracle,USD1_USD_Proxy,0xa63564f2a626f69130c1cca87f984351b26cf2f1,Infra::Oracle
Chainlink,Infra,Oracle,USDC_USD_Aggregator,0x449aeee17b0447af2d2cdf3334ebf1e15c886fb9,Infra::Oracle
Chainlink,Infra,Oracle,USDC_USD_Proxy,0xf5f15f188abcb0d165d1edb7f37f7d6fa2fcebec,Infra::Oracle
Chainlink,Infra,Oracle,USDE_USD_Aggregator,0x7ba2142854c5116d610ad2eb45eb5435b875d08a,Infra::Oracle
Chainlink,Infra,Oracle,USDE_USD_Proxy,0x6b5902eabce27c23fc97ea136504395b4d22c1fd,Infra::Oracle
Chainlink,Infra,Oracle,USDS_USD_Aggregator,0xdffa1693b3ddbe1a6a26c29b727e073a1d2a4be5,Infra::Oracle
Chainlink,Infra,Oracle,USDS_USD_Proxy,0xa16212cd5b330583b346167fa91e138d41aee8cc,Infra::Oracle
Chainlink,Infra,Oracle,USDT_USD_Aggregator,0x0087d34545e1a9a62051c023a31b2193c21cbf4f,Infra::Oracle
Chainlink,Infra,Oracle,USDT_USD_Proxy,0x1a1be4c184923a6bff8c27cfdf6ac8bde4de00fc,Infra::Oracle
Chainlink,Infra,Oracle,USR_USD_Aggregator,0x4b1dfe1e642d8786af6d19d63ceaf0d5475eddf8,Infra::Oracle
Chainlink,Infra,Oracle,USR_USD_Proxy,0x5a96af6e7c9aa17901d9e2f00feafafc7655b19f,Infra::Oracle
Chainlink,Infra,Oracle,VerifierProxy,0xed813d895457907399e41d36ec0be103e32148c8,Infra::Oracle
Chainlink,Infra,Oracle,WBTC_USD_Aggregator,0x1d6533ddc0e46514afbeab55a013d6ded720307c,Infra::Oracle
Chainlink,Infra,Oracle,WBTC_USD_Proxy,0x2d1df1bd061aac38c22407ad69d69bcc3c62edbd,Infra::Oracle
Chainlink,Infra,Oracle,WEETH_USD_Aggregator,0x24b8bead860e19fa9650c349ec496eb4b09f7f9e,Infra::Oracle
Chainlink,Infra,Oracle,WEETH_USD_Proxy,0x42dd36b9d6938dccff8fe4e9770589aba614fcbb,Infra::Oracle
Chainlink,Infra,Oracle,WSTETH_USD_Aggregator,0x4e14b7f0744a757f3c04bfd7980721aee3b7ea9f,Infra::Oracle
Chainlink,Infra,Oracle,WSTETH_USD_Proxy,0xe6cd21b31948503db54a07875999979722504b9a,Infra::Oracle
Chainlink,Infra,Oracle,XAG_USD_Aggregator,0x8aa871027ba54dc1a9c803456ad613668a643fb4,Infra::Oracle
Chainlink,Infra,Oracle,XAG_USD_Proxy,0x29beb7e730f09d33417357dbed020b549fdf7db4,Infra::Oracle
Chainlink,Infra,Oracle,XAU_USD_Aggregator,0xfeccbf9c82ff5231073580334dc605740309ebce,Infra::Oracle
Chainlink,Infra,Oracle,XAU_USD_Proxy,0x61dd33a34e47a181ee02e42ee0546a3da808f1b4,Infra::Oracle
Chainlink,Infra,Oracle,XRP_USD_Aggregator,0xfd03e1bd18b11fa56c55582a91e8fc0bb0a1c27e,Infra::Oracle
Chainlink,Infra,Oracle,XRP_USD_Proxy,0x979211dfbc0738559b778a6a58a5b1bbbbe720f9,Infra::Oracle
Chronicle,Infra,Oracle,Chronicle_ARB_USD_1,0x55900781784cc88e10b53b400241a8b5099b1a58,Infra::Oracle
Chronicle,Infra,Oracle,Chronicle_BERA_USD_1,0xae9ef5d8193348e484805683aa4026f4d410d9e9,Infra::Oracle
Chronicle,Infra,Oracle,Chronicle_BTC_USD_1,0xecd09ce60c069384d6b91656a841097f1181a59e,Infra::Oracle
Chronicle,Infra,Oracle,Chronicle_CBBTC_USD_1,0x8644203113402c1d9cbe0a39064e467ee76e2fbc,Infra::Oracle
Chronicle,Infra,Oracle,Chronicle_DAI_USD_1,0x7fc72f82b67ad3bbbada92b62d412ab284f910a6,Infra::Oracle
Chronicle,Infra,Oracle,Chronicle_EBTCetherfi_USD_1,0xcba348ee71970714cebbc26c7e38baceb0c6a597,Infra::Oracle
Chronicle,Infra,Oracle,Chronicle_ETHX_USD_1,0x7a5c9bc685c16190ac832a6bc232bc6c22e9ed18,Infra::Oracle
Chronicle,Infra,Oracle,Chronicle_ETH_USD_1,0xa7f041fb6affb962162ff3f318ca184299e4ec58,Infra::Oracle
Chronicle,Infra,Oracle,Chronicle_EZETH_USD_1,0x8b9cb9999871423a549261b53e9cf87300e50349,Infra::Oracle
Chronicle,Infra,Oracle,Chronicle_LBTC_USD_1,0xcbec56397d82d353767911142ab2cbeb2f5e06ae,Infra::Oracle
Chronicle,Infra,Oracle,Chronicle_MON_USD_1,0x936a444c983347ffbfe3f26d1497cabfa2bfe271,Infra::Oracle
Chronicle,Infra,Oracle,Chronicle_POL_USD_1,0xa3835b84bcabf17c7509d09487e7b7169a82d64f,Infra::Oracle
Chronicle,Infra,Oracle,Chronicle_PYUSD_USD_1,0xee4631539c06acc8c1f681c0b1b573fbc8506da8,Infra::Oracle
Chronicle,Infra,Oracle,Chronicle_RSETH_USD_1,0x23035f3554c8eec9d079276cc4af0d2fed067992,Infra::Oracle
Chronicle,Infra,Oracle,Chronicle_SOLVBTC_USD_1,0x43a05b07238d1f9814b55e145738afdeedaca68f,Infra::Oracle
Chronicle,Infra,Oracle,Chronicle_SRUSD_USD_1,0x144a4b14115fcbe23408611a5307115a96ab5ba1,Infra::Oracle
Chronicle,Infra,Oracle,Chronicle_STETH_USD_1,0xd52c49ea370cdaa0e5912a98b3aaf3375768e49b,Infra::Oracle
Chronicle,Infra,Oracle,Chronicle_STONE_USD_1,0xda75f9d81dca1ad7a2d3f628425c3736e2e7b685,Infra::Oracle
Chronicle,Infra,Oracle,Chronicle_SUSDE_USD_1,0x46ea6f8ad2f346801a346fb95e0e9e6106791291,Infra::Oracle
Chronicle,Infra,Oracle,Chronicle_SUSDS_USD_1,0x812aab12d9c323678c78d7ec6aa76f4bc86f623a,Infra::Oracle
Chronicle,Infra,Oracle,Chronicle_USDC_USD_1,0x8f9ad9205b442acc5105aac1f1efe5f09b194e1d,Infra::Oracle
Chronicle,Infra,Oracle,Chronicle_USDE_USD_1,0x5b49fa5187f99da89c644cd2c1c23ff3b1d8dd88,Infra::Oracle
Chronicle,Infra,Oracle,Chronicle_USDS_USD_1,0x700edc28dc93e72d76e8c1ea2be0a50d60a4844d,Infra::Oracle
Chronicle,Infra,Oracle,Chronicle_USDT_USD_1,0x83d794f01a3edbdd92ae2f2ecc8e56b41ed7777c,Infra::Oracle
Chronicle,Infra,Oracle,Chronicle_USR_USD_1,0x109bbc7056b5e808f8e64fc71d12c89e654f688f,Infra::Oracle
Chronicle,Infra,Oracle,Chronicle_WBTC_USD_1,0xf8689d8a90cdb562ea2b83cece80c8a551a931c6,Infra::Oracle
Chronicle,Infra,Oracle,Chronicle_WEETH_USD_1,0x847a305548462557945088c97074524d1fe9d563,Infra::Oracle
Chronicle,Infra,Oracle,Chronicle_WETH_USD_1,0xd4920c3eba8c0e4824afe7b3737facd7c1022234,Infra::Oracle
Chronicle,Infra,Oracle,Chronicle_WSTETH_USD_1,0x418541ffd62bdb3078fb669cb9c18d45942d9c3d,Infra::Oracle
Orochi,Infra,Oracle,Orocle_v2,0x78291455bf33aa5437f9d69ff63e0b1c09833429,Infra::Oracle
Pyth,Infra,Oracle,PriceFeed,0x2880ab155794e7179c9ee2e38200202908c17b43,Infra::Oracle
Stork,Infra,Oracle,default,0xacc0a0cf13571d30b4b8637996f5d6d774d4fd62,Infra::Oracle
Supra Oracles,Infra,Oracle,SupraSValueFeedStorage,0x58e158c74df7ad6396c0dcbadc4878fac9e93d57,Infra::Oracle
Switchboard,Infra,Oracle,Oracle,0x33a5066f65f66161beb3f827a3e40fce7d7a2e6c,Infra::Oracle
Canonical Contracts,Infra,Other,Create2Deployer,0x13b0d85ccb8bf860b6b79af3029fca081ae9bef2,Infra::Other
Canonical Contracts,Infra,Other,CreateX,0xba5ed099633d3b313e4d5f7bdc1305d3c28ba5ed,Infra::Other
Canonical Contracts,Infra,Other,EntryPoint_v0_6,0x5ff137d4b0fdcd49dca30c7cf57e578a026d2789,Infra::Other
Canonical Contracts,Infra,Other,EntryPoint_v0_7,0x0000000071727de22e5e9d8baf0edac6f37da032,Infra::Other
Canonical Contracts,Infra,Other,FoundryDeterministicDeployer,0x4e59b44847b379578588920ca78fbf26c0b4956c,Infra::Other
Canonical Contracts,Infra,Other,MicroCreate2Factory,0x6d9fb3c412a269df566a5c92b85a8dc334f0a797,Infra::Other
Canonical Contracts,Infra,Other,Multicall3,0xca11bde05977b3631167028862be2a173976ca11,Infra::Other
Canonical Contracts,Infra,Other,NonceIncreaser,0x00000000000001e4a82b33373de1334e7d8f4879,Infra::Other
Canonical Contracts,Infra,Other,Permit2,0x000000000022d473030f116ddee9f6b43ac78ba3,Infra::Other
Canonical Contracts,Infra,Other,SenderCreator_v0_6,0x7fc98430eaedbb6070b35b39d798725049088348,Infra::Other
Canonical Contracts,Infra,Other,SenderCreator_v0_7,0xefc2c1444ebcc4db75e7613d20c6a62ff67a167c,Infra::Other
Canonical Contracts,Infra,Other,SingletonFactory,0xce0042b868300000d44a59004da54a005ffdcf9f,Infra::Other
Canonical Contracts,Infra,Other,VanityMarket,0x000000000000b361194cfe6312ee3210d53c15aa,Infra::Other
Canonical Contracts,Infra,Other,WMON,0x3bd359c1119da7da1d913d1c4d2b7c461115433a,Infra::Other
Canonical Contracts,Infra,Other,ZoltuDeterministicDeploymentProxy,0x7a0d94f55792c434d74a40883c6ed8545e406d12,Infra::Other
Safe,Infra,Wallet,CompatibilityFallbackHandler,0xf48f2b2d2a534e402487b3ee7c18c33aec0fe5e4,Infra::Wallet
Safe,Infra,Wallet,CreateCall,0x7cbb62eaa69f79e6873cd1ecb2392971036cfaa4,Infra::Wallet
Safe,Infra,Wallet,GnosisSafe,0xd9db270c1b5e3bd161e8c8503c55ceabee709552,Infra::Wallet
Safe,Infra,Wallet,GnosisSafeL2,0x3e5c63644e683549055b9be8653de26e0b4cd36e,Infra::Wallet
Safe,Infra,Wallet,GnosisSafeProxyFactory,0xa6b71e26c5e0845f74c812102ca7114b6a896ab2,Infra::Wallet
Safe,Infra,Wallet,MultiSend,0xa238cbeb142c10ef7ad8442c6d1f9e89e07e7761,Infra::Wallet
Safe,Infra,Wallet,MultiSendCallOnly,0x40a2accbd92bca938b02010e17a5b8929b49130d,Infra::Wallet
Safe,Infra,Wallet,SignMessageLib,0xa65387f16b013cf2af4605ad8aa5ec25a2cba3a2,Infra::Wallet
Safe,Infra,Wallet,SimulateTxAccessor,0x59ad6735bcd8152b84860cb256dd9e96b85f69da,Infra::Wallet
Poply,NFT,Marketplace,NftDropFactory,0x35a9eaf67c2c6276c8edf083d5b42ec36214ebd3,NFT::Marketplace
Poply,NFT,Marketplace,PoplyMarketplace (Proxy),0x81389aecadcff4b8ae1391d3dcec9a21de51694c,NFT::Marketplace
Upfloor,NFT,Other,Upfloor,0xb16eaa34ca11291a70acfc16440f3aabaf89e332,NFT::Other
PingMe,Payments,Neobanks,CryptoDrop,0x3de0e31a0a9d885bf98ea1512188e06f70d507b2,Payments::Neobanks
PingMe,Payments,Neobanks,Forwarder,0x2a217b43b138e36979f59999776585ed6bb27542,Payments::Neobanks
PingMe,Payments,Neobanks,RecoveryVault,0x32f62bdc2be3e1b1c0265143831155253cd5a248,Payments::Neobanks
